"oid", "name", "<order>", "<kingdom>", "<family>"
"0", "<Gluphisia>", "<Lepidoptera>", "<Animal>", "<Notodontidae>"
"1", "<Dinochares>", "<Lepidoptera>", "<Animal>", "<Gelechioidea>"
"2", "<Nepalkanchia>", "<Eupnoi>", "<Animal>", "<Phalangioidea>"
"3", "<Guzmania_hirtzii>", "<Commelinids>", "<Plant>", "<Bromeliaceae>"
"4", "<Sand_rat>", "<Rodent>", "<Animal>", "<Gerbil>"
"5", "<Gynandromyia_bafwankei>", "<Fly>", "<Animal>", "<Tachinidae>"
"6", "<Dasychiroides>", "<Lepidoptera>", "<Animal>", "<Lymantrini>"
"7", "<Hairy-legged_Vampire_Bat>", "<Bat>", "<Animal>", "<Leaf-nosed_bat>"
"8", "<Hypnale>", "<Squamata>", "<Animal>", "<Viperidae>"
"9", "<Mamushi>", "<Squamata>", "<Animal>", "<Viperidae>"
"10", "<Cryptanthus_ruthiae>", "<Commelinids>", "<Plant>", "<Bromeliaceae>"
"11", "<Haplochromis_mylergates>", "<Perciformes>", "<Animal>", "<Pseudocrenilabrinae>"
"12", "<Morpho_theseus>", "<Lepidoptera>", "<Animal>", "<Morphini>"
"13", "<Trypeta_comma>", "<Fly>", "<Animal>", "<Tephritoidea>"
"14", "<Quichuana>", "<Fly>", "<Animal>", "<Eristalini>"
"15", "<Coenolarentia>", "<Lepidoptera>", "<Animal>", "<Geometer_moth>"
"16", "<Felimare_cantabrica>", "<Nudipleura>", "<Animal>", "<Doridoidea>"
"17", "<Diplodiscus>", "<Rosids>", "<Plant>", "<Malvaceae>"
"18", "<Eutimesius>", "<Laniatores>", "<Animal>", "<Gonyleptoidea>"
"19", "<Asemonea>", "<Araneomorphae>", "<Eumetazoa>", "<Jumping_spider>"
"20", "<Koilodepas>", "<Rosids>", "<Animal>", "<Euphorbiaceae>"
"21", "<Paraliancalus>", "<Fly>", "<Animal>", "<Empidoidea>"
"22", "<Vriesea_itatiaiae>", "<Commelinids>", "<Plant>", "<Bromeliaceae>"
"23", "<Brachyacma>", "<Lepidoptera>", "<Animal>", "<Dichomeridinae>"
"24", "<Bismarck_Hanging_Parrot>", "<Parrot>", "<Animal>", "<Agapornithinae>"
"25", "<Psophocarpus>", "<Rosids>", "<Plant>", "<Faboideae>"
"26", "<s_Vesper_Rat>", "<Rodent>", "<Animal>", "<Cricetidae>"
"27", "<Erbessa_projecta>", "<Lepidoptera>", "<Animal>", "<Notodontidae>"
"28", "<Antirrhea>", "<Lepidoptera>", "<Animal>", "<Morphini>"
"29", "<Aldina>", "<Rosids>", "<Plant>", "<Fabaceae>"
"30", "<Charaxes_pondoensis>", "<Lepidoptera>", "<Animal>", "<Nymphalidae>"
"31", "<Julodis>", "<Beetle>", "<Animal>", "<Buprestoidea>"
"32", "<Apopetelia>", "<Lepidoptera>", "<Animal>", "<Ennominae>"
"33", "<Eurycheilichthys_pantherinus>", "<Catfish>", "<Animal>", "<Hypoptopomatinae>"
"34", "<Philocoroebus>", "<Beetle>", "<Animal>", "<Buprestoidea>"
"35", "<Neoglaziovia>", "<Poales>", "<Plant>", "<Bromeliaceae>"
"36", "<Chrysosyrphus>", "<Muscomorpha>", "<Animal>", "<Syrphoidea>"
"37", "<Rotylenchulus_reniformis>", "<Tylenchida>", "<Animal>", "<Tylenchoidea>"
"38", "<Pareupithex>", "<Lepidoptera>", "<Animal>", "<Geometer_moth>"
"39", "<Drymoana_blanchardi>", "<Lepidoptera>", "<Animal>", "<Yponomeutoidea>"
"40", "<Eliurus>", "<Rodent>", "<Animal>", "<Nesomyidae>"
"41", "<Striped_flea_beetle>", "<Beetle>", "<Animal>", "<Flea_beetle>"
"42", "<Ptychozoon>", "<Squamata>", "<Animal>", "<Gecko>"
"43", "<Pachnoda_sinuata>", "<Beetle>", "<Animal>", "<Scarabaeidae>"
"44", "<Chocophorus>", "<Lepidoptera>", "<Animal>", "<Plume_moth>"
"45", "<Cape_Short-Eared_Gerbil>", "<Rodent>", "<Animal>", "<Muridae>"
"46", "<Aechmea_recurvata>", "<Poales>", "<Plant>", "<Bromelioideae>"
"47", "<Thelycera>", "<Lepidoptera>", "<Animal>", "<Geometrinae>"
"48", "<Brownea>", "<Rosids>", "<Plant>", "<Fabaceae>"
"49", "<Aerodramus>", "<Apodiformes>", "<Animal>", "<Swift>"
"50", "<Empalactis>", "<Lepidoptera>", "<Animal>", "<Gelechiidae>"
"51", "<Polypoetes_exclamationis>", "<Lepidoptera>", "<A**ma*>", "<Notodontidae>"
"52", "<Triphasia>", "<Rosids>", "<Plant>", "<Citreae>"
"53", "<Lamprologus>", "<Perciformes>", "<Animal>", "<Lamprologini>"
"54", "<Morpho_epistrophus>", "<Lepidoptera>", "<Animal>", "<Nymphalidae>"
"55", "<Aechmea_triangularis>", "<Commelinids>", "<Plant>", "<Bromeliaceae>"
"56", "<Axarus>", "<Fly>", "<Animal>", "<Chironomini>"
"57", "<Prodentobunus>", "<Eupnoi>", "<Animal>", "<Phalangioidea>"
"58", "<Alloeopage>", "<Lepidoptera>", "<Animal>", "<Geometrinae>"
"59", "<Cladura>", "<Fly>", "<Animal>", "<Tipuloidea>"
"60", "<Brachygobius>", "<Perciformes>", "<Animal>", "<Goby>"
"61", "<Satanoperca>", "<Perciformes>", "<Animal>", "<Cichlid>"
"62", "<Soreutoneura>", "<Lepidoptera>", "<Animal>", "<Lymantriidae>"
"63", "<Euderces>", "<Beetle>", "<Animal>", "<Cerambycinae>"
"64", "<Lambdoceras>", "<Even-toed_ungulate>", "<Animal>", "<Synthetoceratini>"
"65", "<Zygoballus>", "<Araneomorphae>", "<Animal>", "<Jumping_spider>"
"66", "<Shannonomyia>", "<Tipulomorpha>", "<Animal>", "<Tipuloidea>"
"67", "<Catharosiini>", "<Fly>", "<*ni*a*>", "<Phasiinae>"
"68", "<Neoregelia_angustibracteolata>", "<Commelinids>", "<Plant>", "<Bromeliaceae>"
"69", "<Eutrichillus_neomexicanus>", "<Beetle>", "<Animal>", "<Acanthocinini>"
"70", "<Trifolium_fucatum>", "<Rosids>", "<Plant>", "<Faboideae>"
"71", "<Tillandsia_cyanea>", "<Poales>", "<Plant>", "<Tillandsioideae>"
"72", "<Banksia_biterax>", "<Proteales>", "<Plant>", "<Proteaceae>"
"73", "<Trifolium_lemmonii>", "<Rosids>", "<Plant>", "<Faboideae>"
"74", "<Atopodes>", "<Lepidoptera>", "<Animal>", "<Ennominae>"
"75", "<Syringopais>", "<Lepidoptera>", "<Animal>", "<Gelechioidea>"
"76", "<Hyperplatys_femoralis>", "<Beetle>", "<Animal>", "<Lamiinae>"
"77", "<Euthalia>", "<Lepidoptera>", "<Animal>", "<Limenitidinae>"
"78", "<Tillandsia_cernua>", "<Commelinids>", "<Plant>", "<Tillandsioideae>"
"79", "<Cephalotes_bimaculatus>", "<Apocrita>", "<Animal>", "<Myrmicinae>"
"80", "<Leptophis_mexicanus>", "<Squamata>", "<Animal>", "<Colubridae>"
"81", "<Mechanitis>", "<Lepidoptera>", "<Animal>", "<Ithomiini>"
"82", "<Macaca_libyca>", "<Primate>", "<Animal>", "<Old_World_monkey>"
"83", "<Apistogramma_cacatuoides>", "<Perciformes>", "<Animal>", "<Cichlid>"
"84", "<Trypeta_longirostris>", "<Fly>", "<Animal>", "<Tephritoidea>"
"85", "<Parryella>", "<Rosids>", "<Plant>", "<Faboideae>"
"86", "<Scirtothrips>", "<Thrips>", "<Animal>", "<Thripidae>"
"87", "<Asyndetus>", "<Fly>", "<Animal>", "<Empidoidea>"
"88", "<Macaw>", "<Parrot>", "<Animal>", "<African_parrot>"
"89", "<Chionopteryx>", "<Lepidoptera>", "<Animal>", "<Geometer_moth>"
"90", "<Papilio_rex>", "<Lepidoptera>", "<**ima*>", "<Swallowtail_butterfly>"
"91", "<Hollowayana>", "<Lepidoptera>", "<Eumetazoa>", "<Arctiidae>"
"92", "<Oedosphenella>", "<Fly>", "<Animal>", "<Tephritoidea>"
"93", "<Sphenoptera>", "<Polyphaga>", "<Animal>", "<Buprestoidea>"
"94", "<Tillandsia_rhodocephala>", "<Poales>", "<Plant>", "<Bromeliaceae>"
"95", "<Felimare_agassizii>", "<Nudipleura>", "<Animal>", "<Doridoidea>"
"96", "<Idalia>", "<Lepidoptera>", "<Animal>", "<Lymantrini>"
"97", "<Werauhia_apiculata>", "<Commelinids>", "<Plant>", "<Bromeliaceae>"
"98", "<Macroxystra>", "<Lepidoptera>", "<Animal>", "<Oenochrominae>"
"99", "<Gastrophryne_olivacea>", "<Neobatrachia>", "<Animal>", "<Microhylidae>"
"100", "<Uromastyx>", "<Squamata>", "<Animal>", "<Agamidae>"
"101", "<Farlowella_schreitmuelleri>", "<Catfish>", "<Animal>", "<Loricariidae>"
"102", "<Corumbataia_cuestae>", "<Catfish>", "<Animal>", "<Loricariidae>"
"103", "<Otites_snowi>", "<Fly>", "<Animal>", "<Tephritoidea>"
"104", "<Euvola>", "<Pectinina>", "<Animal>", "<Pectinoidea>"
"105", "<Catopsis_nitida>", "<Poales>", "<Plant>", "<Bromeliaceae>"
"106", "<Erbessa_thiaucourti>", "<Lepidoptera>", "<Animal>", "<Dioptinae>"
"107", "<Mantidactylus>", "<Neobatrachia>", "<Animal>", "<Mantellidae>"
"108", "<Dolicharthria>", "<Lepidoptera>", "<Animal>", "<Spilomelinae>"
"109", "<Yellow-crested_Cockatoo>", "<Parrot>", "<Animal>", "<Cacatuinae>"
"110", "<Pseudopanthera_macularia>", "<Lepidoptera>", "<Animal>", "<Ourapterygini>"
"111", "<Tillandsia_gymnobotrya>", "<Commelinids>", "<Plant>", "<Tillandsioideae>"
"112", "<Asian_long-horned_beetle>", "<Beetle>", "<Animal>", "<Longhorn_beetle>"
"113", "<Salicornioideae>", "<Lepidoptera>", "<Plant>", "<Amaranthaceae>"
"114", "<Macroplea>", "<Beetle>", "<Animal>", "<Donaciinae>"
"115", "<Rhinelepis_strigosa>", "<Catfish>", "<Animal>", "<Loricariidae>"
"116", "<Phorocera>", "<Fly>", "<Animal>", "<Exoristinae>"
"117", "<Causus_bilineatus>", "<Squamata>", "<Animal>", "<Viperidae>"
"118", "<Euproctillopsis>", "<Lepidoptera>", "<Animal>", "<Lymantriidae>"
"119", "<Halothamnus_auriculus>", "<Caryophyllales>", "<Plant>", "<Amaranthaceae>"
"120", "<Primolius>", "<Parrot>", "<Animal>", "<Neotropical_parrot>"
"121", "<Fox>", "<Carnivora>", "<*ni*a*>", "<Canidae>"
"122", "<Microberlinia_brazzavillensis>", "<Rosids>", "<Plant>", "<Caesalpinioideae>"
"123", "<Stenopla>", "<Lepidoptera>", "<Animal>", "<Eupitheciini>"
"124", "<Sorbus_harrowiana>", "<Rosales>", "<Plant>", "<Rosaceae>"
"125", "<Zaleptulus>", "<Opiliones>", "<Animal>", "<Phalangioidea>"
"126", "<Neoregelia_macrosepala>", "<Lepidoptera>", "<Plant>", "<Bromeliaceae>"
"127", "<Nebulosa_erymas>", "<Lepidoptera>", "<Animal>", "<Notodontidae>"
"128", "<Eospilarctia>", "<Lepidoptera>", "<Eumetazoa>", "<Spilosomini>"
"129", "<Edamame>", "<Lepidoptera>", "<Plant>", "<Fabaceae>"
"130", "<Scea>", "<Lepidoptera>", "<Animal>", "<Notodontidae>"
"131", "<Drosera_schmutzii>", "<Lepidoptera>", "<Plant>", "<Droseraceae>"
"132", "<Nocticanacinae>", "<Fly>", "<An*m**>", "<Canacidae>"
"133", "<Wild_water_buffalo>", "<Even-toed_ungulate>", "<Animal>", "<Bovinae>"
"134", "<Curculionidae>", "<Polyphaga>", "<Ani*a*>", "<Weevil>"
"135", "<Euapatura>", "<Lepidoptera>", "<Animal>", "<Apaturinae>"
"136", "<Neortalotrypeta>", "<Fly>", "<Animal>", "<Tephritoidea>"
"137", "<Anthene>", "<Lepidoptera>", "<Animal>", "<Lycaenesthini>"
"138", "<Myoleja_angusta>", "<Fly>", "<Animal>", "<Tephritoidea>"
"139", "<Zeuctoneura>", "<Lepidoptera>", "<Animal>", "<Sterrhinae>"
"140", "<Torynesis>", "<Lepidoptera>", "<*nim**>", "<Satyrinae>"
"141", "<Lycaeninae>", "<Lepidoptera>", "<A*ima*>", "<Papilionoidea>"
"142", "<Munona>", "<Lepidoptera>", "<Eumetazoa>", "<Arctiini>"
"143", "<Lemuropisum>", "<Rosids>", "<Plant>", "<Fabaceae>"
"144", "<Protanypus>", "<Fly>", "<Animal>", "<Chironomidae>"
"145", "<Egabra>", "<Lepidoptera>", "<Animal>", "<Azelinini>"
"146", "<Lotus_pedunculatus>", "<Rosids>", "<Plant>", "<Fabaceae>"
"147", "<Stenorrhoe>", "<Lepidoptera>", "<Animal>", "<Sterrhinae>"
"148", "<Vipera_latastei_gaditana>", "<Squamata>", "<Animal>", "<Viperidae>"
"149", "<Paraswammerdamia>", "<Lepidoptera>", "<Animal>", "<Ermine_moth>"
"150", "<Grey-breasted_Parakeet>", "<Parrot>", "<Animal>", "<Psittacidae>"
"151", "<Sphaerobambos>", "<Poales>", "<Animal>", "<Poaceae>"
"152", "<Rhynchobapta>", "<Lepidoptera>", "<Animal>", "<Geometer_moth>"
"153", "<Billbergia_formosa>", "<Commelinids>", "<Plant>", "<Bromelioideae>"
"154", "<Ochlandra>", "<Lepidoptera>", "<Plant>", "<Melocanninae>"
"155", "<Laticauda>", "<Squamata>", "<Animal>", "<Hydrophiinae>"
"156", "<Elizabetha>", "<Rosids>", "<Plant>", "<Detarieae>"
"157", "<Gracile_capuchin_monkey>", "<Primate>", "<Animal>", "<Cebidae>"
"158", "<Corythoichthys>", "<Syngnathiformes>", "<Animal>", "<Pipefish>"
"159", "<Dicallomera>", "<Lepidoptera>", "<Animal>", "<Lymantriidae>"
"160", "<Neocladura>", "<Fly>", "<Animal>", "<Tipuloidea>"
"161", "<Trifolium_trichocalyx>", "<Lepidoptera>", "<Plant>", "<Fabaceae>"
"162", "<Drosera_subg._Thelocalyx>", "<Caryophyllales>", "<Plant>", "<Droseraceae>"
"163", "<Carige>", "<Lepidoptera>", "<Animal>", "<Trichopterygini>"
"164", "<Fairy_Lorikeet>", "<Parrot>", "<Animal>", "<Psittaculidae>"
"165", "<Alydda>", "<Lepidoptera>", "<Animal>", "<Larentiinae>"
"166", "<Crocotania>", "<Lepidoptera>", "<Animal>", "<Tortricidae>"
"167", "<Tisis>", "<Lepidoptera>", "<Animal>", "<Lecithoceridae>"
"168", "<Tecticornia>", "<Caryophyllales>", "<Plant>", "<Amaranthaceae>"
"169", "<Stygionympha_dicksoni>", "<Lepidoptera>", "<Animal>", "<Satyrini>"
"170", "<Sagotia>", "<Rosids>", "<Plant>", "<Crotonoideae>"
"171", "<Dicronorrhina_derbyana>", "<Beetle>", "<Animal>", "<Flower_chafer>"
"172", "<Cheilotoma_fulvicollis>", "<Beetle>", "<Animal>", "<Leaf_beetle>"
"173", "<Kirinia>", "<Lepidoptera>", "<Animal>", "<Nymphalidae>"
"174", "<Vriesea_arpocalyx>", "<Poales>", "<Plant>", "<Bromeliaceae>"
"175", "<Anisographe>", "<Lepidoptera>", "<Animal>", "<Geometer_moth>"
"176", "<Oeneis>", "<Lepidoptera>", "<Animal>", "<Nymphalidae>"
"177", "<Lupinus_adsurgens>", "<Rosids>", "<Plant>", "<Fabaceae>"
"178", "<Girellinae>", "<Perciformes>", "<A*im*l>", "<Sea_chub>"
"179", "<Metalimnobia>", "<Fly>", "<Animal>", "<Tipuloidea>"
"180", "<Flame-winged_Parakeet>", "<Parrot>", "<Animal>", "<Neotropical_parrot>"
"181", "<Chlorops>", "<Fly>", "<Animal>", "<Carnoidea>"
"182", "<Cosmethis>", "<Lepidoptera>", "<Animal>", "<Ennominae>"
"183", "<Guzmania_skotakii>", "<Commelinids>", "<Plant>", "<Bromeliaceae>"
"184", "<Vigna_caracalla>", "<Rosids>", "<Animal>", "<Phaseoleae>"
"185", "<Paravibrissina>", "<Fly>", "<Animal>", "<Tachinidae>"
"186", "<Eclectus_Parrot>", "<Parrot>", "<Animal>", "<True_parrot>"
"187", "<Cyathea_halconensis>", "<Cyatheales>", "<Pl*n*>", "<Cyatheaceae>"
"188", "<Xenagama>", "<Squamata>", "<Animal>", "<Agamidae>"
"189", "<Coironalia>", "<Lepidoptera>", "<Animal>", "<Geometer_moth>"
"190", "<Bathippus>", "<Spider>", "<Animal>", "<Jumping_spider>"
"191", "<Neolamprologus_mondabu>", "<Perciformes>", "<Animal>", "<Lamprologini>"
"192", "<Crinitisophira>", "<Fly>", "<Animal>", "<Tephritoidea>"
"193", "<Agapanthia_violacea>", "<Beetle>", "<Animal>", "<Lamiinae>"
"194", "<Click_beetle>", "<Beetle>", "<A*im*l>", "<Elateroidea>"
"195", "<Mabuya>", "<Squamata>", "<Animal>", "<Skink>"
"196", "<Dixeia>", "<Lepidoptera>", "<Animal>", "<Pierini>"
"197", "<Diaulula>", "<Heterobranchia>", "<Animal>", "<Doridoidea>"
"198", "<Agatasa_calydonia>", "<Lepidoptera>", "<Animal>", "<Nymphalidae>"
"199", "<Pseudosterrha>", "<Lepidoptera>", "<Animal>", "<Sterrhinae>"
"200", "<Pezoporini>", "<Parrot>", "<**imal>", "<True_parrot>"
"201", "<Lasiocampinae>", "<Lepidoptera>", "<A**m*l>", "<Lasiocampidae>"
"202", "<Bevismyia>", "<Fly>", "<Animal>", "<Tephritoidea>"
"203", "<Catopsis_werckleana>", "<Commelinids>", "<Plant>", "<Bromeliaceae>"
"204", "<Verticordia>", "<Myrtales>", "<Animal>", "<Myrtaceae>"
"205", "<Oberea>", "<Beetle>", "<Animal>", "<Lamiinae>"
"206", "<Limoniidae>", "<Fly>", "<*nimal>", "<Tipuloidea>"
"207", "<Ectypina>", "<Lepidoptera>", "<Ani*al>", "<Catocalini>"
"208", "<Acidocroton>", "<Rosids>", "<Plant>", "<Crotonoideae>"
"209", "<Speyeria_atlantis>", "<Lepidoptera>", "<Animal>", "<Nymphalidae>"
"210", "<Deudorigini>", "<Lepidoptera>", "<*n*mal>", "<Lycaenidae>"
"211", "<Astylopsis_arcuata>", "<Beetle>", "<Animal>", "<Acanthocinini>"
"212", "<Hydrelia>", "<Lepidoptera>", "<Animal>", "<Asthenini>"
"213", "<Sisyropa>", "<Fly>", "<Animal>", "<Exoristinae>"
"214", "<Dorcopsis>", "<Diprotodontia>", "<Animal>", "<Macropodidae>"
"215", "<Giant_pouched_rat>", "<Rodent>", "<Animal>", "<Pouched_rat>"
"216", "<Dinera_ferina>", "<Fly>", "<Animal>", "<Tachinidae>"
"217", "<Frill-necked_lizard>", "<Squamata>", "<Animal>", "<Agamidae>"
"218", "<Haplochromis_taurinus>", "<Perciformes>", "<Animal>", "<Cichlid>"
"219", "<Dasymys>", "<Rodent>", "<Animal>", "<Murinae>"
"220", "<Urota>", "<Lepidoptera>", "<A**ma*>", "<Bombycoidea>"
"221", "<Trigonospila_cingulata>", "<Fly>", "<Animal>", "<Blondeliini>"
"222", "<Haplochromis_microchrysomelas>", "<Perciformes>", "<Animal>", "<Cichlid>"
"223", "<Odontanthias>", "<Perciformes>", "<Animal>", "<Serranidae>"
"224", "<Crabeater_seal>", "<Carnivora>", "<Animal>", "<Pinniped>"
"225", "<Diasemia>", "<Lepidoptera>", "<Animal>", "<Crambidae>"
"226", "<Athyriaceae>", "<Polypodiales>", "<Plant>", "<Eupolypods_II>"
"227", "<Tillandsia_paraensis>", "<Commelinids>", "<Animal>", "<Bromeliaceae>"
"228", "<Amicia>", "<Rosids>", "<Plant>", "<Fabaceae>"
"229", "<Emathis>", "<Spider>", "<Animal>", "<Jumping_spider>"
"230", "<Xylocopinae>", "<Apocrita>", "<Ani*a*>", "<Apoidea>"
"231", "<Cephalotes_ventriosus>", "<Apocrita>", "<Animal>", "<Myrmicinae>"
"232", "<Catocala>", "<Lepidoptera>", "<Animal>", "<Catocalini>"
"233", "<Heteropsilopus>", "<Brachycera>", "<Animal>", "<Empidoidea>"
"234", "<Solenostemma_argel>", "<Gentianales>", "<Plant>", "<Apocynaceae>"
"235", "<Cercyonis>", "<Lepidoptera>", "<Animal>", "<Nymphalidae>"
"236", "<Lupinus_angustiflorus>", "<Rosids>", "<Plant>", "<Fabaceae>"
"237", "<Western_corn_rootworm>", "<Beetle>", "<Animal>", "<Leaf_beetle>"
"238", "<Euxesta_basalis>", "<Fly>", "<Animal>", "<Tephritoidea>"
"239", "<Billbergia_lietzei>", "<Poales>", "<Animal>", "<Bromeliaceae>"
"240", "<Scodes>", "<Lepidoptera>", "<Animal>", "<Dichomeridinae>"
"241", "<Acantholycosa_sterneri>", "<Spider>", "<Animal>", "<Lycosoidea>"
"242", "<Amblyeleotris>", "<Perciformes>", "<Animal>", "<Goby>"
"243", "<Komodo_Rat>", "<Rodent>", "<Animal>", "<Muridae>"
"244", "<Nicrophorus_defodiens>", "<Beetle>", "<Animal>", "<Nicrophorini>"
"245", "<Clethrogyna>", "<Lepidoptera>", "<Animal>", "<Lymantriidae>"
"246", "<Apaturinae>", "<Lepidoptera>", "<An**al>", "<Nymphalidae>"
"247", "<Lories_and_lorikeets>", "<Parrot>", "<A**m*l>", "<Psittaculidae>"
"248", "<Mimosa_aculeaticarpa_var._biuncifera>", "<Rosids>", "<Plant>", "<Fabaceae>"
"249", "<Calisto_herophile>", "<Lepidoptera>", "<Animal>", "<Satyrini>"
"250", "<Tipuana>", "<Rosids>", "<Plant>", "<Dalbergieae>"
"251", "<Tillandsia_rusbyi>", "<Lepidoptera>", "<Plant>", "<Bromeliaceae>"
"252", "<Phalium_areola>", "<Caenogastropoda>", "<Animal>", "<Tonnoidea>"
"253", "<Cephalotes_angustus>", "<Apocrita>", "<Animal>", "<Ant>"
"254", "<Antipha>", "<Lepidoptera>", "<Animal>", "<Lymantrini>"
"255", "<Ozodicera>", "<Fly>", "<Animal>", "<Tipulinae>"
"256", "<Diaulula_alba>", "<Heterobranchia>", "<Animal>", "<Doridoidea>"
"257", "<Reverchonia>", "<Rosids>", "<Plant>", "<Phyllanthaceae>"
"258", "<Ephysteris>", "<Lepidoptera>", "<A**mal>", "<Gelechioidea>"
"259", "<Zanclorhacos>", "<Lepidoptera>", "<Animal>", "<Geometer_moth>"
"260", "<Amblycipitidae>", "<Catfish>", "<Ani*al>", "<Sisoroidea>"
"261", "<Clytra_bodemeyeri>", "<Beetle>", "<Animal>", "<Cryptocephalinae>"
"262", "<Oedoncus>", "<Fly>", "<Animal>", "<Tephritoidea>"
"263", "<Glyptoteles_leucacrinella>", "<Lepidoptera>", "<Animal>", "<Pyralidae>"
"264", "<Volemys>", "<Rodent>", "<Animal>", "<Arvicolini>"
"265", "<Tarucus>", "<Lepidoptera>", "<Animal>", "<Polyommatini>"
"266", "<Vriesea_altomacaensis>", "<Poales>", "<Plant>", "<Bromeliaceae>"
"267", "<Bagarius_yarrelli>", "<Catfish>", "<Animal>", "<Sisoridae>"
"268", "<Bulldog_Rat>", "<Rodent>", "<Animal>", "<Muridae>"
"269", "<Copestylum>", "<Fly>", "<Animal>", "<Hoverfly>"
"270", "<Pratylenchus_crenatus>", "<Tylenchida>", "<Animal>", "<Pratylenchinae>"
"271", "<Erbessa_maera>", "<Lepidoptera>", "<Animal>", "<Notodontidae>"
"272", "<Systata_silvicola>", "<Fly>", "<Animal>", "<Tephritoidea>"
"273", "<Nepheronia>", "<Lepidoptera>", "<Animal>", "<Pieridae>"
"274", "<Desmodium>", "<Rosids>", "<Plant>", "<Fabaceae>"
"275", "<Aechmea_multiflora>", "<Poales>", "<Plant>", "<Bromelioideae>"
"276", "<Xenomigia_consanguinea>", "<Lepidoptera>", "<Animal>", "<Notodontidae>"
"277", "<Hypselodoris_rosans>", "<Nudipleura>", "<Animal>", "<Doridoidea>"
"278", "<Atlantarctia>", "<Lepidoptera>", "<Animal>", "<Arctiidae>"
"279", "<Canistrum_sandrae>", "<Commelinids>", "<Plant>", "<Bromeliaceae>"
"280", "<Dorcatoma_pallicornis>", "<Bostrichiformia>", "<Animal>", "<Bostrichoidea>"
"281", "<Eriochloa_contracta>", "<Poales>", "<Plant>", "<Poaceae>"
"282", "<Calopogonium>", "<Rosids>", "<Plant>", "<Faboideae>"
"283", "<Episernus>", "<Bostrichiformia>", "<Animal>", "<Bostrichoidea>"
"284", "<Crotalus_mitchellii_pyrrhus>", "<Squamata>", "<Animal>", "<Viperidae>"
"285", "<Ceratocampinae>", "<Lepidoptera>", "<A*im**>", "<Saturniidae>"
"286", "<Bakia>", "<Lepidoptera>", "<Animal>", "<Tortricidae>"
"287", "<Trinodinae>", "<Bostrichiformia>", "<A*im*l>", "<Bostrichoidea>"
"288", "<Utricularia_kenneallyi>", "<Lamiales>", "<P**n*>", "<Lentibulariaceae>"
"289", "<Cyrtophleba>", "<Fly>", "<Animal>", "<Tachinidae>"
"290", "<Obenbergerula>", "<Beetle>", "<Animal>", "<Buprestoidea>"
"291", "<Acmaeops_marginata>", "<Polyphaga>", "<Animal>", "<Chrysomeloidea>"
"292", "<Pachyta_armata>", "<Beetle>", "<Animal>", "<Lepturinae>"
"293", "<Aepylopha>", "<Lepidoptera>", "<Animal>", "<Geometer_moth>"
"294", "<Vigna_umbellata>", "<Rosids>", "<Plant>", "<Fabaceae>"
"295", "<Pseudancistrus_sidereus>", "<Catfish>", "<Animal>", "<Loricariidae>"
"296", "<Metallic_Skink>", "<Squamata>", "<Animal>", "<Skink>"
"297", "<Canistropsis_microps>", "<Poales>", "<Animal>", "<Bromeliaceae>"
"298", "<Pulex>", "<Flea>", "<Animal>", "<Pulicidae>"
"299", "<Sorbus_fruticosa>", "<Rosids>", "<*lan*>", "<Rosaceae>"
"300", "<Timia_nitida>", "<Fly>", "<Animal>", "<Ulidiidae>"
"301", "<Exocentrus_lusitanus>", "<Beetle>", "<Animal>", "<Acanthocinini>"
"302", "<Eastern_tubenose_goby>", "<Gobioidei>", "<Animal>", "<Goby>"
"303", "<Urophora_acompsa>", "<Fly>", "<Animal>", "<Tephritoidea>"
"304", "<Suaeda_esteroa>", "<Caryophyllales>", "<Plant>", "<Amaranthaceae>"
"305", "<Ordishia>", "<Lepidoptera>", "<Eumetazoa>", "<Arctiini>"
"306", "<Blechroma>", "<Lepidoptera>", "<Animal>", "<Geometrinae>"
"307", "<Saitidops>", "<Spider>", "<Animal>", "<Jumping_spider>"
"308", "<Tillandsia_spiralipetala>", "<Poales>", "<Plant>", "<Tillandsioideae>"
"309", "<Simosyrphus>", "<Fly>", "<Animal>", "<Syrphini>"
"310", "<Harttia_torrenticola>", "<Catfish>", "<Animal>", "<Loricariidae>"
"311", "<Trypeta_avala>", "<Fly>", "<Animal>", "<Tephritoidea>"
"312", "<Drosera_burmannii>", "<Caryophyllales>", "<Plant>", "<Droseraceae>"
"313", "<Derobrachus>", "<Beetle>", "<Animal>", "<Prioninae>"
"314", "<Tillandsia_organensis>", "<Poales>", "<Plant>", "<Bromeliaceae>"
"315", "<Acraea_rabbaiae>", "<Lepidoptera>", "<Animal>", "<Acraeini>"
"316", "<Amorphosoma>", "<Beetle>", "<Animal>", "<Buprestoidea>"
"317", "<Damba>", "<Perciformes>", "<Animal>", "<Cichlid>"
"318", "<Korthalsia_rogersii>", "<Commelinids>", "<Plant>", "<Calamoideae>"
"319", "<Epicyme>", "<Lepidoptera>", "<Animal>", "<Asthenini>"
"320", "<Ptychochromoides>", "<Perciformes>", "<Animal>", "<Cichlid>"
"321", "<Drosera_rosulata>", "<Caryophyllales>", "<*lan*>", "<Droseraceae>"
"322", "<Euchontha_frigida>", "<Lepidoptera>", "<A**mal>", "<Dioptinae>"
"323", "<Stygionympha_geraldi>", "<Lepidoptera>", "<Animal>", "<Nymphalidae>"
"324", "<Epoicocladius>", "<Culicomorpha>", "<Animal>", "<Orthocladiinae>"
"325", "<Crypteria>", "<Fly>", "<Animal>", "<Tipuloidea>"
"326", "<Plukenetieae>", "<Malpighiales>", "<Plant>", "<Acalyphoideae>"
"327", "<Aesiocopa>", "<Lepidoptera>", "<Animal>", "<Tortricidae>"
"328", "<Chamaemeles>", "<Rosales>", "<Plant>", "<Malinae>"
"329", "<Fodinoidea>", "<Lepidoptera>", "<Eumetazoa>", "<Arctiidae>"
"330", "<Bematistes>", "<Lepidoptera>", "<Animal>", "<Acraeini>"
"331", "<Artoriopsis>", "<Spider>", "<Animal>", "<Wolf_spider>"
"332", "<Pennatomys>", "<Rodent>", "<Animal>", "<Sigmodontinae>"
"333", "<Microsoma_exiguum>", "<Fly>", "<Animal>", "<Dexiinae>"
"334", "<Apeira>", "<Lepidoptera>", "<Animal>", "<Geometer_moth>"
"335", "<Haplochromis_plagiodon>", "<Perciformes>", "<Animal>", "<Pseudocrenilabrinae>"
"336", "<Doxocopa_laurentia>", "<Lepidoptera>", "<Animal>", "<Apaturinae>"
"337", "<s_Skink>", "<Squamata>", "<Animal>", "<Skink>"
"338", "<Thoracochromis>", "<Perciformes>", "<Animal>", "<Pseudocrenilabrinae>"
"339", "<Utricularia_gibba>", "<Lepidoptera>", "<Plant>", "<Lentibulariaceae>"
"340", "<Paradaphoenus>", "<Carnivora>", "<Animal>", "<Bear_dog>"
"341", "<Ragadiini>", "<Lepidoptera>", "<An*ma*>", "<Satyrinae>"
"342", "<Mimosa_rubicaulis>", "<Rosids>", "<Plant>", "<Fabaceae>"
"343", "<Machaerium>", "<Rosids>", "<Plant>", "<Faboideae>"
"344", "<Alistilus>", "<Rosids>", "<Plant>", "<Fabaceae>"
"345", "<Pseudotaenia>", "<Polyphaga>", "<Animal>", "<Buprestoidea>"
"346", "<Earoxyptera>", "<Lepidoptera>", "<Animal>", "<Ennominae>"
"347", "<Pegoscapus>", "<Apocrita>", "<Animal>", "<Chalcid_wasp>"
"348", "<Porthesaroa>", "<Lepidoptera>", "<A**mal>", "<Lymantrini>"
"349", "<Blue-bellied_Parrot>", "<Parrot>", "<Animal>", "<Neotropical_parrot>"
"350", "<Cryptanthus_maritimus>", "<Commelinids>", "<Plant>", "<Bromeliaceae>"
"351", "<Tillandsia_jalisco-pinicola>", "<Poales>", "<Plant>", "<Bromeliaceae>"
"352", "<Eretmopus>", "<Lepidoptera>", "<Animal>", "<Geometrinae>"
"353", "<Elmerimys>", "<Phiomorpha>", "<Animal>", "<Myophiomyidae>"
"354", "<Sakalianus>", "<Polyphaga>", "<Animal>", "<Buprestoidea>"
"355", "<Buru_Racket-tail>", "<Parrot>", "<Animal>", "<Psittaculidae>"
"356", "<Chrysomyinae>", "<Fly>", "<An**a*>", "<Calliphoridae>"
"357", "<Patalene_olyzonaria>", "<Lepidoptera>", "<Animal>", "<Ourapterygini>"
"358", "<Lithoxus_pallidimaculatus>", "<Catfish>", "<Animal>", "<Hypostominae>"
"359", "<Banksia_ser._Tetragonae>", "<Proteales>", "<Plant>", "<Proteaceae>"
"360", "<Rhynchotropis>", "<Rosids>", "<Plant>", "<Fabaceae>"
"361", "<Hypoecta_longula>", "<Fly>", "<Animal>", "<Tephritoidea>"
"362", "<Tillandsia_langlasseana>", "<Commelinids>", "<Animal>", "<Bromeliaceae>"
"363", "<Oricia_phryganeata>", "<Lepidoptera>", "<Animal>", "<Dioptinae>"
"364", "<Trichomycterinae>", "<Catfish>", "<Ani***>", "<Trichomycteridae>"
"365", "<Therybupestris>", "<Polyphaga>", "<Animal>", "<Buprestoidea>"
"366", "<Thermopsis>", "<Rosids>", "<Plant>", "<Faboideae>"
"367", "<Olfersia>", "<Fly>", "<Animal>", "<Hippoboscoidea>"
"368", "<Cyathea_baileyana>", "<Cyatheales>", "<Plant>", "<Cyatheaceae>"
"369", "<Lupinus_arizonicus>", "<Lepidoptera>", "<Plant>", "<Fabaceae>"
"370", "<Cydia_succedana>", "<Lepidoptera>", "<Animal>", "<Tortricidae>"
"371", "<Pachyura>", "<Beetle>", "<Animal>", "<Belinae>"
"372", "<Hypercompe_permaculata>", "<Lepidoptera>", "<Animal>", "<Arctiidae>"
"373", "<Ceratoxanthis>", "<Lepidoptera>", "<Animal>", "<Tortricidae>"
"374", "<Phaesyle>", "<Lepidoptera>", "<Animal>", "<Larentiinae>"
"375", "<Dorstenia_excentrica>", "<Rosids>", "<Plant>", "<Moraceae>"
"376", "<Boiga_gokool>", "<Squamata>", "<Animal>", "<Colubridae>"
"377", "<Callopistromyia>", "<Fly>", "<Animal>", "<Otitinae>"
"378", "<Thaumatographe>", "<Lepidoptera>", "<Animal>", "<Geometer_moth>"
"379", "<Glyphipterix_polychroa>", "<Lepidoptera>", "<Animal>", "<Yponomeutoidea>"
"380", "<Callosphingia>", "<Lepidoptera>", "<Animal>", "<Acherontiini>"
"381", "<Masked_Shining_Parrot>", "<Parrot>", "<Animal>", "<Platycercinae>"
"382", "<Ectima>", "<Lepidoptera>", "<Animal>", "<Nymphalidae>"
"383", "<Taxodium>", "<Pinales>", "<Plant>", "<Cupressaceae>"
"384", "<Psittaculidae>", "<Parrot>", "<Ani*a*>", "<True_parrot>"
"385", "<Maireana>", "<Caryophyllales>", "<Plant>", "<Amaranthaceae>"
"386", "<Orophia_quadripunctella>", "<Lepidoptera>", "<Animal>", "<Oecophorinae>"
"387", "<Trimeresurus_flavomaculatus_halieus>", "<Squamata>", "<Animal>", "<Viperidae>"
"388", "<Liquorice>", "<Rosids>", "<Plant>", "<Fabaceae>"
"389", "<Golofa>", "<Beetle>", "<Animal>", "<Dynastinae>"
"390", "<Harmologa>", "<Lepidoptera>", "<Animal>", "<Tortricidae>"
"391", "<Oxycera_fallenii>", "<Fly>", "<Animal>", "<Oxycerini>"
"392", "<Recilia_bispinosus>", "<Hemiptera>", "<Animal>", "<Membracoidea>"
"393", "<Pirgulina>", "<Lepidoptera>", "<Animal>", "<Lymantrini>"
"394", "<Puya_gilmartiniae>", "<Poales>", "<Plant>", "<Bromeliaceae>"
"395", "<Derris>", "<Rosids>", "<Plant>", "<Fabaceae>"
"396", "<Nothophila>", "<Fly>", "<Animal>", "<Tipuloidea>"
"397", "<Ocnotelus>", "<Spider>", "<Animal>", "<Jumping_spider>"
"398", "<Large-scale_whiting>", "<Perciformes>", "<Animal>", "<Percoidea>"
"399", "<Aconaemys>", "<Rodent>", "<Animal>", "<Octodontidae>"
"400", "<Dorstenia_crenulata>", "<Rosids>", "<Animal>", "<Moraceae>"
"401", "<Microhydromys>", "<Rodent>", "<Animal>", "<Muridae>"
"402", "<African_Sacred_Ibis>", "<Pelecaniformes>", "<Animal>", "<Threskiornithidae>"
"403", "<Calyptromyia>", "<Fly>", "<Animal>", "<Phasiinae>"
"404", "<Calisto_obscura>", "<Lepidoptera>", "<Animal>", "<Satyrini>"
"405", "<Parotocinclus>", "<Catfish>", "<Animal>", "<Hypoptopomatinae>"
"406", "<Xenotilapia>", "<Perciformes>", "<Animal>", "<Ectodini>"
"407", "<Ramorinoa>", "<Rosids>", "<Plant>", "<Dalbergieae>"
"408", "<Sakashima_Green_Snake>", "<Squamata>", "<Animal>", "<Colubridae>"
"409", "<Tillandsia_eistetteri>", "<Poales>", "<Plant>", "<Bromeliaceae>"
"410", "<Gobiinae>", "<Gobioidei>", "<A*ima*>", "<Goby>"
"411", "<Tosaura>", "<Lepidoptera>", "<Animal>", "<Desmobathrinae>"
"412", "<Carlia_scirtetis>", "<Lizard>", "<Animal>", "<Skink>"
"413", "<Utricularia_juncea>", "<Lamiales>", "<Plant>", "<Lentibulariaceae>"
"414", "<Eremocentra>", "<Lepidoptera>", "<Animal>", "<Sterrhinae>"
"415", "<Kerremansella>", "<Beetle>", "<Animal>", "<Buprestoidea>"
"416", "<Leptostylopsis_basifulvus>", "<Beetle>", "<Animal>", "<Lamiinae>"
"417", "<Pimelodendron>", "<Malpighiales>", "<Plant>", "<Euphorbioideae>"
"418", "<Dithecodes>", "<Lepidoptera>", "<Animal>", "<Geometer_moth>"
"419", "<Cassida_nebulosa>", "<Beetle>", "<Animal>", "<Tortoise_beetle>"
"420", "<Brochis>", "<Catfish>", "<Animal>", "<Callichthyidae>"
"421", "<Neopotamia>", "<Lepidoptera>", "<Ani**l>", "<Tortricidae>"
"422", "<Trypeta_longitudinalis>", "<Fly>", "<Animal>", "<Tephritoidea>"
"423", "<Aechmea_ramusculosa>", "<Commelinids>", "<Plant>", "<Bromeliaceae>"
"424", "<Chondrodactylus>", "<Squamata>", "<Animal>", "<Gecko>"
"425", "<Natarsiini>", "<Fly>", "<Animal>", "<Chironomidae>"
"426", "<Utricularia_humboldtii>", "<Lamiales>", "<Plant>", "<Lentibulariaceae>"
"427", "<Ortalis_trifasciata>", "<Fly>", "<Animal>", "<Tephritoidea>"
"428", "<Oraphasmophaga>", "<Fly>", "<Animal>", "<Goniini>"
"429", "<Euhyponomeuta>", "<Lepidoptera>", "<Animal>", "<Ermine_moth>"
"430", "<Cacatuinae>", "<Parrot>", "<An*ma*>", "<Cockatoo>"
"431", "<Vriesea_rafaelii>", "<Poales>", "<Plant>", "<Bromeliaceae>"
"432", "<Cacostegania>", "<Lepidoptera>", "<Animal>", "<Geometer_moth>"
"433", "<Phyllota_squarrosa>", "<Rosids>", "<Plant>", "<Faboideae>"
"434", "<Cyathea_klossii>", "<Cyatheales>", "<P*an*>", "<Cyatheaceae>"
"435", "<Kultarr>", "<Dasyuromorphia>", "<Animal>", "<Sminthopsini>"
"436", "<Tentaxinae>", "<Lepidoptera>", "<*n**al>", "<Micronoctuidae>"
"437", "<Allophroides>", "<Apocrita>", "<Animal>", "<Ichneumonidae>"
"438", "<Cryptanthus_praetextus>", "<Poales>", "<Plant>", "<Bromeliaceae>"
"439", "<Gagata_youssoufi>", "<Catfish>", "<Animal>", "<Sisoridae>"
"440", "<Enicognathus>", "<Parrot>", "<Animal>", "<Psittacidae>"
"441", "<Aechmea_alegrensis>", "<Poales>", "<Plant>", "<Bromelioideae>"
"442", "<Hakea_salicifolia>", "<Proteales>", "<Plant>", "<Proteaceae>"
"443", "<Lake_Baikal_Mountain_Vole>", "<Rodent>", "<Animal>", "<Myodini>"
"444", "<Diploschizia_kutisi>", "<Lepidoptera>", "<Animal>", "<Yponomeutoidea>"
"445", "<Argyrotome>", "<Lepidoptera>", "<Animal>", "<Ennominae>"
"446", "<Hypancistrus>", "<Catfish>", "<Animal>", "<Hypostominae>"
"447", "<Urophora_fedotovae>", "<Fly>", "<Animal>", "<Tephritoidea>"
"448", "<Black-headed_Parrot>", "<Parrot>", "<Animal>", "<Neotropical_parrot>"
"449", "<Oxylobium>", "<Rosids>", "<Plant>", "<Faboideae>"
"450", "<Nenomoshia>", "<Lepidoptera>", "<*n**al>", "<Tortricidae>"
"451", "<Moose>", "<Even-toed_ungulate>", "<Animal>", "<Deer>"
"452", "<Halseyella>", "<Lepidoptera>", "<Animal>", "<Lymantrini>"
"453", "<Phaseolus_coccineus>", "<Rosids>", "<Plant>", "<Faboideae>"
"454", "<Miscanthus>", "<Poales>", "<Animal>", "<Poaceae>"
"455", "<Thaumatographa>", "<Lepidoptera>", "<A*i*a*>", "<Tortricidae>"
"456", "<Platycercinae>", "<Parrot>", "<A*i**l>", "<True_parrot>"
"457", "<Hylobius_transversovittatus>", "<Beetle>", "<Animal>", "<Weevil>"
"458", "<Aridonevra>", "<Fly>", "<Animal>", "<Tephritoidea>"
"459", "<Cypriot_Mouse>", "<Rodent>", "<Animal>", "<Murinae>"
"460", "<Hemichroa_pentandra>", "<Caryophyllales>", "<Animal>", "<Amaranthaceae>"
"461", "<Ithomiini>", "<Lepidoptera>", "<A**ma*>", "<Papilionoidea>"
"462", "<Crataegus_ancisa>", "<Rosids>", "<Animal>", "<Rosaceae>"
"463", "<Pitheciinae>", "<Primate>", "<**imal>", "<Pitheciidae>"
"464", "<Aechmea>", "<Commelinids>", "<Plant>", "<Bromelioideae>"
"465", "<Eupristocerus>", "<Beetle>", "<Animal>", "<Buprestoidea>"
"466", "<Nippia>", "<Fly>", "<Animal>", "<Tephritoidea>"
"467", "<Central_African_red_colobus>", "<Primate>", "<Animal>", "<Old_World_monkey>"
"468", "<Sea_Mink>", "<Carnivora>", "<Animal>", "<Mustelinae>"
"469", "<Neotrewia_cumingii>", "<Lepidoptera>", "<Plant>", "<Acalyphoideae>"
"470", "<Orophia_eariasella>", "<Lepidoptera>", "<Animal>", "<Oecophoridae>"
"471", "<Palm_Lorikeet>", "<Parrot>", "<Animal>", "<True_parrot>"
"472", "<Pagurus>", "<Decapoda>", "<Animal>", "<Hermit_crab>"
"473", "<Dudua>", "<Lepidoptera>", "<Animal>", "<Tortricidae>"
"474", "<Long-nosed_snake>", "<Squamata>", "<Animal>", "<Colubridae>"
"475", "<Acidromodes>", "<Lepidoptera>", "<Animal>", "<Hemitheini>"
"476", "<Rhacodactylus_trachyrhynchus>", "<Squamata>", "<Animal>", "<Gecko>"
"477", "<Drosera_gigantea>", "<Caryophyllales>", "<Plant>", "<Droseraceae>"
"478", "<Artaxa>", "<Lepidoptera>", "<*n**al>", "<Lymantrini>"
"479", "<Erbessa_pales>", "<Lepidoptera>", "<Animal>", "<Notodontidae>"
"480", "<Cirrhosoma>", "<Lepidoptera>", "<Animal>", "<Geometer_moth>"
"481", "<Scotura_atelozona>", "<Lepidoptera>", "<Animal>", "<Notodontidae>"
"482", "<Kelp_pipefish>", "<Syngnathiformes>", "<Animal>", "<Syngnathidae>"
"483", "<Golden_lined_whiting>", "<Perciformes>", "<Animal>", "<Percoidea>"
"484", "<Pararctophila>", "<Fly>", "<Animal>", "<Eristalinae>"
"485", "<s_ground_squirrel>", "<Rodent>", "<Animal>", "<Ground_squirrel>"
"486", "<Neojulodis>", "<Beetle>", "<Animal>", "<Buprestoidea>"
"487", "<Daemilus>", "<Lepidoptera>", "<Animal>", "<Tortricidae>"
"488", "<Drosera_sulphurea>", "<Caryophyllales>", "<Plant>", "<Droseraceae>"
"489", "<Paramaenas>", "<Lepidoptera>", "<Animal>", "<Arctiidae>"
"490", "<Aechmea_bicolor>", "<Poales>", "<Plant>", "<Bromeliaceae>"
"491", "<s_blue_butterfly>", "<Lepidoptera>", "<Plant>", "<Polyommatinae>"
"492", "<Arctonasua>", "<Carnivora>", "<Animal>", "<Musteloidea>"
"493", "<Pycnoloma>", "<Lepidoptera>", "<Animal>", "<Eupitheciini>"
"494", "<Lasionota>", "<Beetle>", "<Animal>", "<Buprestoidea>"
"495", "<Cirrochroa>", "<Lepidoptera>", "<A***al>", "<Nymphalidae>"
"496", "<Fiebrigiella>", "<Lepidoptera>", "<Plant>", "<Fabaceae>"
"497", "<Hypsidracon>", "<Lepidoptera>", "<Animal>", "<Tortricidae>"
"498", "<Mojavemyinae>", "<Castorimorpha>", "<Animal>", "<Geomyoidea>"
"499", "<Delmarva_fox_squirrel>", "<Rodent>", "<Animal>", "<Squirrel>"
"500", "<Trifolium_pignantii>", "<Rosids>", "<Plant>", "<Faboideae>"
"501", "<Cynarctoides_harlowi>", "<Carnivora>", "<Animal>", "<Canidae>"
"502", "<Leptostylopsis_chlorescens>", "<Beetle>", "<Animal>", "<Longhorn_beetle>"
"503", "<Atlantea>", "<Lepidoptera>", "<Animal>", "<Nymphalinae>"
"504", "<Aderidae>", "<Beetle>", "<**i*al>", "<Tenebrionoidea>"
"505", "<Opheodrys_aestivus>", "<Squamata>", "<Animal>", "<Colubridae>"
"506", "<Calliceratini>", "<Fly>", "<Animal>", "<Eristalinae>"
"507", "<Cyathea_colensoi>", "<Cyatheales>", "<Plant>", "<Cyatheaceae>"
"508", "<Pseudohemiodon_devincenzii>", "<Catfish>", "<Animal>", "<Loricariinae>"
"509", "<Notharctus>", "<Primate>", "<Animal>", "<Notharctidae>"
"510", "<Russograptis>", "<Lepidoptera>", "<Animal>", "<Tortricidae>"
"511", "<Zygaenidae>", "<Lepidoptera>", "<*n*m*l>", "<Zygaenoidea>"
"512", "<Acrosticta_rufiventris>", "<Fly>", "<Animal>", "<Tephritoidea>"
"513", "<Fosterella_gracilis>", "<Commelinids>", "<Plant>", "<Bromeliaceae>"
"514", "<Ostryocarpus>", "<Rosids>", "<Plant>", "<Fabaceae>"
"515", "<Ceramea>", "<Lepidoptera>", "<Animal>", "<Tortricinae>"
"516", "<Phragmites>", "<Commelinids>", "<Plant>", "<Poaceae>"
"517", "<Euctenachlora>", "<Lepidoptera>", "<Animal>", "<Desmobathrinae>"
"518", "<Dioctria_atricapilla>", "<Fly>", "<Animal>", "<Asilidae>"
"519", "<Stictea>", "<Lepidoptera>", "<Animal>", "<Tortricidae>"
"520", "<Allotoma>", "<Lepidoptera>", "<Animal>", "<Lymantrini>"
"521", "<Papagomys>", "<Rodent>", "<Animal>", "<Muridae>"
"522", "<Budara>", "<Lepidoptera>", "<Animal>", "<Ennominae>"
"523", "<Neospades>", "<Beetle>", "<Animal>", "<Buprestoidea>"
"524", "<Caquetaia>", "<Perciformes>", "<Animal>", "<Cichlasomatinae>"
"525", "<Pritchardia_minor>", "<Commelinids>", "<Plant>", "<Coryphoideae>"
"526", "<Andala>", "<Lepidoptera>", "<Eumetazoa>", "<Spilosomini>"
"527", "<Rhizomyinae>", "<Rodent>", "<A*i*a*>", "<Spalacidae>"
"528", "<Zintha_hintza>", "<Lepidoptera>", "<Animal>", "<Lycaenidae>"
"529", "<Tanytarsini>", "<Fly>", "<Ani*a*>", "<Chironominae>"
"530", "<Dioptis_leucothyris>", "<Lepidoptera>", "<Animal>", "<Dioptinae>"
"531", "<Trixa>", "<Fly>", "<Animal>", "<Tachinidae>"
"532", "<Myoleja_nigricornis>", "<Fly>", "<Animal>", "<Tephritoidea>"
"533", "<Anthophylax_viridis>", "<Polyphaga>", "<Animal>", "<Longhorn_beetle>"
"534", "<Gagrellissa>", "<Eupnoi>", "<Animal>", "<Phalangioidea>"
"535", "<Xylosteus>", "<Beetle>", "<Animal>", "<Longhorn_beetle>"
"536", "<Escualosa>", "<Clupeiformes>", "<Animal>", "<Clupeidae>"
"537", "<Nerodia_erythrogaster>", "<Squamata>", "<Animal>", "<Colubridae>"
"538", "<Bagauda_zigzag>", "<Hemiptera>", "<Animal>", "<Reduviidae>"
"539", "<Onthobium>", "<Scarabeiformia>", "<Animal>", "<Scarabaeoidea>"
"540", "<Timia_carbonaria>", "<Fly>", "<Animal>", "<Ulidiinae>"
"541", "<Marasmianympha>", "<Lepidoptera>", "<Animal>", "<Crambidae>"
"542", "<Austrochaperina>", "<Neobatrachia>", "<Animal>", "<Microhylidae>"
"543", "<Bothrops_lanceolatus>", "<Squamata>", "<Animal>", "<Viperidae>"
"544", "<Flores_Long-nosed_Rat>", "<Rodent>", "<Animal>", "<Muridae>"
"545", "<Trigonostemon>", "<Rosids>", "<Plant>", "<Euphorbiaceae>"
"546", "<Epeuproctis>", "<Lepidoptera>", "<Animal>", "<Lymantrini>"
"547", "<Melanitini>", "<Lepidoptera>", "<A**mal>", "<Satyrinae>"
"548", "<Cyathea_gregaria>", "<Cyatheales>", "<Plant>", "<Cyatheaceae>"
"549", "<Aechmea_lymanii>", "<Commelinids>", "<Plant>", "<Bromelioideae>"
"550", "<Calomys_cerqueirai>", "<Rodent>", "<Animal>", "<Cricetidae>"
"551", "<Oleria_makrena>", "<Lepidoptera>", "<Animal>", "<Ithomiini>"
"552", "<Ischnura_senegalensis>", "<Odonata>", "<Animal>", "<Coenagrionoidea>"
"553", "<Eudasychira>", "<Lepidoptera>", "<Animal>", "<Lymantriidae>"
"554", "<Ophiusina>", "<Lepidoptera>", "<Animal>", "<Noctuoidea>"
"555", "<Acaciella>", "<Rosids>", "<Plant>", "<Fabaceae>"
"556", "<Aphanotrigonum>", "<Fly>", "<Animal>", "<Carnoidea>"
"557", "<Lystrophis>", "<Squamata>", "<Animal>", "<Colubridae>"
"558", "<Cylindromorphus>", "<Beetle>", "<Animal>", "<Buprestoidea>"
"559", "<Dyckia_saxatilis>", "<Commelinids>", "<Plant>", "<Bromeliaceae>"
"560", "<Cosmorrhyncha>", "<Lepidoptera>", "<Animal>", "<Tortricidae>"
"561", "<Paralucia>", "<Lepidoptera>", "<Animal>", "<Lycaenidae>"
"562", "<Chamissoa>", "<Caryophyllales>", "<Plant>", "<Amaranthaceae>"
"563", "<Polypoetes_suffumosa>", "<Lepidoptera>", "<An*ma*>", "<Notodontidae>"
"564", "<Mormyrops>", "<Osteoglossiformes>", "<Animal>", "<Mormyridae>"
"565", "<Swartberg_Dwarf_Chameleon>", "<Lizard>", "<Animal>", "<Chameleon>"
"566", "<Podadenia>", "<Malpighiales>", "<Plant>", "<Acalyphoideae>"
"567", "<Silhouettea>", "<Perciformes>", "<Animal>", "<Goby>"
"568", "<Paraenhydrocyon_josephi>", "<Carnivora>", "<Animal>", "<Canidae>"
"569", "<Natricinae>", "<Squamata>", "<A*im**>", "<Colubridae>"
"570", "<Euphilotes>", "<Lepidoptera>", "<Animal>", "<Lycaenidae>"
"571", "<Aechmea_nallyi>", "<Commelinids>", "<Animal>", "<Bromeliaceae>"
"572", "<Regent_Parrot>", "<Parrot>", "<Animal>", "<True_parrot>"
"573", "<Pitcairnia_odontopoda>", "<Commelinids>", "<Plant>", "<Bromeliaceae>"
"574", "<Besma_quercivoraria>", "<Lepidoptera>", "<Animal>", "<Ourapterygini>"
"575", "<Puya_mollis>", "<Poales>", "<Plant>", "<Bromeliaceae>"
"576", "<Helicostylis_tomentosa>", "<Rosids>", "<Plant>", "<Moraceae>"
"577", "<Erbessa_josia>", "<Lepidoptera>", "<Animal>", "<Notodontidae>"
"578", "<Nebulosa_nasor>", "<Lepidoptera>", "<Animal>", "<Dioptinae>"
"579", "<Pitcairnia_cylindrostachya>", "<Commelinids>", "<Plant>", "<Bromeliaceae>"
"580", "<Crotalus_tortugensis>", "<Squamata>", "<Animal>", "<Viperidae>"
"581", "<Blondelia>", "<Fly>", "<Animal>", "<Exoristinae>"
"582", "<Pteris_semipinnata>", "<Polypodiales>", "<Plant>", "<Pteridaceae>"
"583", "<Macquarie_Parakeet>", "<Parrot>", "<Animal>", "<Psittaculidae>"
"584", "<Erbessa_ovia>", "<Lepidoptera>", "<Animal>", "<Dioptinae>"
"585", "<Ortognathosia>", "<Lepidoptera>", "<*ni*a*>", "<Tortricidae>"
"586", "<Asteriognatha>", "<Lepidoptera>", "<Animal>", "<Tortricidae>"
"587", "<Pseudolachnostylis>", "<Rosids>", "<Plant>", "<Phyllanthaceae>"
"588", "<Potamotherium>", "<Carnivora>", "<Animal>", "<Oligobuninae>"
"589", "<Utricularia_phusoidaoensis>", "<Lamiales>", "<Plant>", "<Lentibulariaceae>"
"590", "<Sapelia>", "<Lepidoptera>", "<Animal>", "<Lymantriidae>"
"591", "<Argyropelecus_aculeatus>", "<Stomiiformes>", "<Animal>", "<Sternoptychidae>"
"592", "<s_Rat>", "<Rodent>", "<Plant>", "<Sigmodontinae>"
"593", "<Great-billed_Parrot>", "<Parrot>", "<Animal>", "<Psittaculinae>"
"594", "<Sulawesian_Shrew_Rat>", "<Rodent>", "<Animal>", "<Murinae>"
"595", "<Sahelanthropus>", "<Primate>", "<Animal>", "<Homininae>"
"596", "<Agathaeromys>", "<Rodent>", "<Animal>", "<Oryzomyini>"
"597", "<Pundamilia>", "<Perciformes>", "<Animal>", "<Cichlid>"
"598", "<Xenodiscidae>", "<Paraceltitina>", "<*nim*l>", "<Xenodiscaceae>"
"599", "<Tillandsia_klausii>", "<Commelinids>", "<Plant>", "<Bromeliaceae>"
"600", "<Morpho_adonis>", "<Lepidoptera>", "<Animal>", "<Nymphalidae>"
"601", "<Tarsocera_cassus>", "<Lepidoptera>", "<Animal>", "<Satyrini>"
"602", "<Rhagoletis_berberidis>", "<Fly>", "<Animal>", "<Tephritoidea>"
"603", "<Opsomeigenia>", "<Fly>", "<Animal>", "<Tachinidae>"
"604", "<Cephalostachyum_viguieri>", "<Poales>", "<Plant>", "<Poaceae>"
"605", "<Dilophiocara>", "<Opiliones>", "<Animal>", "<Phalangioidea>"
"606", "<Alsomyia>", "<Fly>", "<Animal>", "<Exoristinae>"
"607", "<Mirosternus_latifrons>", "<Bostrichiformia>", "<Animal>", "<Bostrichoidea>"
"608", "<Klaineanthus>", "<Malpighiales>", "<Plant>", "<Crotonoideae>"
"609", "<Spilocosmia>", "<Fly>", "<Animal>", "<Tephritoidea>"
"610", "<Grewia_limae>", "<Rosids>", "<Plant>", "<Malvaceae>"
"611", "<Heleanna>", "<Lepidoptera>", "<Animal>", "<Tortricidae>"
"612", "<Giant_goby>", "<Perciformes>", "<Animal>", "<Goby>"
"613", "<Euplagia>", "<Lepidoptera>", "<A*ima*>", "<Callimorphini>"
"614", "<Anastasia_Island_beach_mouse>", "<Rodent>", "<Animal>", "<Cricetidae>"
"615", "<Oedura>", "<Squamata>", "<Animal>", "<Gecko>"
"616", "<Beccariella>", "<Ericales>", "<Plant>", "<Sapotaceae>"
"617", "<Trypeta_longipennis>", "<Fly>", "<Animal>", "<Tephritoidea>"
"618", "<Haplochromis_brownae>", "<Perciformes>", "<Animal>", "<Cichlid>"
"619", "<Euxesta_willistoni>", "<Fly>", "<Animal>", "<Tephritoidea>"
"620", "<Evimantius>", "<Polyphaga>", "<Animal>", "<Buprestoidea>"
"621", "<Utricularia_holtzei>", "<Lamiales>", "<Plant>", "<Lentibulariaceae>"
"622", "<Banksia_ser._Ochraceae>", "<Proteales>", "<Plant>", "<Proteaceae>"
"623", "<Epiprinus>", "<Rosids>", "<Animal>", "<Euphorbiaceae>"
"624", "<Benthophiloides_turcomanus>", "<Perciformes>", "<Animal>", "<Goby>"
"625", "<Timia_mongolica>", "<Fly>", "<Animal>", "<Ulidiinae>"
"626", "<Heterodera_cajani>", "<Tylenchida>", "<Animal>", "<Heteroderinae>"
"627", "<Zamarada>", "<Lepidoptera>", "<Eumetazoa>", "<Geometer_moth>"
"628", "<Nidularium_viridipetalum>", "<Poales>", "<Animal>", "<Bromeliaceae>"
"629", "<Ocypetes>", "<Beetle>", "<Animal>", "<Buprestoidea>"
"630", "<Ballerus>", "<Ostariophysi>", "<Animal>", "<Cyprinidae>"
"631", "<Knightia_excelsa>", "<Proteales>", "<Plant>", "<Proteaceae>"
"632", "<Tillandsia_edithiae>", "<Poales>", "<Plant>", "<Tillandsioideae>"
"633", "<Sclerocroton_integerrimus>", "<Rosids>", "<Plant>", "<Hippomaneae>"
"634", "<Homalocephala_texensis>", "<Fly>", "<Animal>", "<Tephritoidea>"
"635", "<Lachnaia_puncticollis>", "<Polyphaga>", "<Animal>", "<Cryptocephalinae>"
"636", "<Glyphipterix_pyrophora>", "<Lepidoptera>", "<Animal>", "<Yponomeutoidea>"
"637", "<Cerithiidae>", "<Caenogastropoda>", "<*ni*a*>", "<Cerithioidea>"
"638", "<Dichatomus>", "<Apocrita>", "<Animal>", "<Chalcid_wasp>"
"639", "<Pseudopiptadenia>", "<Rosids>", "<Plant>", "<Fabaceae>"
"640", "<s_Swamp_Rat>", "<Rodent>", "<Animal>", "<Cricetidae>"
"641", "<Macronematinae>", "<Annulipalpia>", "<Animal>", "<Hydropsychoidea>"
"642", "<Niptus>", "<Bostrichiformia>", "<Animal>", "<Bostrichoidea>"
"643", "<Holostixa>", "<Lepidoptera>", "<Animal>", "<Geometer_moth>"
"644", "<Carcharodini>", "<Lepidoptera>", "<An*m*l>", "<Spread-winged_skipper>"
"645", "<Smaragdesthes>", "<Beetle>", "<Animal>", "<Flower_chafer>"
"646", "<Amphicrossa>", "<Lepidoptera>", "<*n**al>", "<Geometer_moth>"
"647", "<Dectes>", "<Beetle>", "<Animal>", "<Longhorn_beetle>"
"648", "<Harttia_novalimensis>", "<Catfish>", "<Animal>", "<Loricariidae>"
"649", "<Syssphinx_montana>", "<Lepidoptera>", "<Animal>", "<Bombycoidea>"
"650", "<s_swamp_monkey>", "<Primate>", "<Animal>", "<Cercopithecini>"
"651", "<Stictoleptura_dichroa>", "<Beetle>", "<Animal>", "<Longhorn_beetle>"
"652", "<Cyathopharynx>", "<Perciformes>", "<Animal>", "<Ectodini>"
"653", "<Pterocarpus>", "<Lepidoptera>", "<Plant>", "<Faboideae>"
"654", "<Aglais_kaschmirensis>", "<Lepidoptera>", "<Animal>", "<Nymphalidae>"
"655", "<Amara_brunnea>", "<Beetle>", "<Animal>", "<Ground_beetle>"
"656", "<Conradtina>", "<Fly>", "<Animal>", "<Tephritoidea>"
"657", "<Pericopsis>", "<Rosids>", "<Animal>", "<Fabaceae>"
"658", "<Baeckea>", "<Rosids>", "<Plant>", "<Myrtaceae>"
"659", "<Nirvanopsis>", "<Lepidoptera>", "<Animal>", "<Elymniini>"
"660", "<Aechmea_cylindrata>", "<Poales>", "<Plant>", "<Bromelioideae>"
"661", "<Tillandsia_polyantha>", "<Poales>", "<*l*n*>", "<Bromeliaceae>"
"662", "<Heterodera_cruciferae>", "<Tylenchida>", "<Animal>", "<Heteroderidae>"
"663", "<Caligo_oedipus>", "<Lepidoptera>", "<Animal>", "<Nymphalidae>"
"664", "<Sooretamys>", "<Rodent>", "<Animal>", "<Cricetidae>"
"665", "<Jalmenus_lithochroa>", "<Lepidoptera>", "<Animal>", "<Lycaenidae>"
"666", "<Vriesea_menescalii>", "<Lepidoptera>", "<Plant>", "<Bromeliaceae>"
"667", "<Crotoneae>", "<Malpighiales>", "<Plant>", "<Crotonoideae>"
"668", "<Mesoprionus_persicus>", "<Polyphaga>", "<Animal>", "<Chrysomeloidea>"
"669", "<Adafroptilum>", "<Lepidoptera>", "<Animal>", "<Bombycoidea>"
"670", "<Icerya>", "<Hemiptera>", "<Animal>", "<Scale_insect>"
"671", "<Azov_tadpole_goby>", "<Perciformes>", "<Animal>", "<Goby>"
"672", "<Tropheini>", "<Perciformes>", "<An**al>", "<Pseudocrenilabrinae>"
"673", "<Utricularia_minutissima>", "<Lamiales>", "<Plant>", "<Lentibulariaceae>"
"674", "<Toxorhina>", "<Tipulomorpha>", "<Animal>", "<Tipuloidea>"
"675", "<Cispia>", "<Lepidoptera>", "<Animal>", "<Lymantriidae>"
"676", "<Tapena>", "<Lepidoptera>", "<Animal>", "<Spread-winged_skipper>"
"677", "<Acraea_nohara>", "<Lepidoptera>", "<Animal>", "<Nymphalidae>"
"678", "<Eukiefferiella>", "<Culicomorpha>", "<Animal>", "<Chironomidae>"
"679", "<Callicilix>", "<Lepidoptera>", "<Animal>", "<Drepanidae>"
"680", "<Goniini>", "<Fly>", "<***mal>", "<Tachinidae>"
"681", "<Diamesinae>", "<Fly>", "<*n*ma*>", "<Chironomidae>"
"682", "<Brownlowioideae>", "<Rosids>", "<Plant>", "<Malvaceae>"
"683", "<Dapsilothrix>", "<Apocrita>", "<Animal>", "<Chalcid_wasp>"
"684", "<Utricularia_sect._Stomoisia>", "<Lamiales>", "<Plant>", "<Lentibulariaceae>"
"685", "<Homotherium>", "<Carnivora>", "<Animal>", "<Machairodontinae>"
"686", "<Hydrobatinae>", "<Procellariiformes>", "<A**mal>", "<Storm_petrel>"
"687", "<Choanograptis>", "<Lepidoptera>", "<Animal>", "<Tortricidae>"
"688", "<Pterocerina_garleppi>", "<Fly>", "<Animal>", "<Tephritoidea>"
"689", "<Timia_problematica>", "<Fly>", "<Animal>", "<Ulidiidae>"
"690", "<Ligeria>", "<Fly>", "<Animal>", "<Tachinidae>"
"691", "<Monteithius>", "<Apocrita>", "<Animal>", "<Chalcid_wasp>"
"692", "<Petrale_sole>", "<Flatfish>", "<Animal>", "<Pleuronectidae>"
"693", "<Antarchia>", "<Lepidoptera>", "<Animal>", "<Geometer_moth>"
"694", "<Chrysobothris>", "<Beetle>", "<Animal>", "<Buprestoidea>"
"695", "<Clanis>", "<Lepidoptera>", "<Animal>", "<Sphingidae>"
"696", "<Harttia_rhombocephala>", "<Catfish>", "<Animal>", "<Loricariidae>"
"697", "<Gasterophilinae>", "<Fly>", "<*n*mal>", "<Botfly>"
"698", "<Marbled_goby>", "<Perciformes>", "<Animal>", "<Goby>"
"699", "<Palaeomorpha>", "<Lepidoptera>", "<Animal>", "<Tortricidae>"
"700", "<Arctotirolites>", "<Paraceltitina>", "<Animal>", "<Xenodiscaceae>"
"701", "<Goniobranchus_trimarginatus>", "<Euthyneura>", "<Animal>", "<Doridoidea>"
"702", "<Phoebis>", "<Lepidoptera>", "<Animal>", "<Coliadinae>"
"703", "<Werauhia_pycnantha>", "<Poales>", "<Plant>", "<Bromeliaceae>"
"704", "<Neoregelia_concentrica>", "<Commelinids>", "<Plant>", "<Bromeliaceae>"
"705", "<Baptria>", "<Lepidoptera>", "<Animal>", "<Solitaneini>"
"706", "<Compsilura>", "<Fly>", "<Animal>", "<Exoristinae>"
"707", "<Pseudohaetera>", "<Lepidoptera>", "<Animal>", "<Nymphalidae>"
"708", "<Breadfruit>", "<Rosales>", "<Plant>", "<Moraceae>"
"709", "<Utricularia_pobeguinii>", "<Lamiales>", "<Plant>", "<Lentibulariaceae>"
"710", "<Taicallimorpha>", "<Lepidoptera>", "<Animal>", "<Callimorphini>"
"711", "<Westermannia>", "<Lepidoptera>", "<A**ma*>", "<Westermanniinae>"
"712", "<Timia_parva>", "<Fly>", "<Animal>", "<Ulidiinae>"
"713", "<Ceratonyx>", "<Lepidoptera>", "<Animal>", "<Ennominae>"
"714", "<Numenoides>", "<Lepidoptera>", "<Animal>", "<Lymantriidae>"
"715", "<Groove-toothed_Flying_Squirrel>", "<Rodent>", "<Animal>", "<Squirrel>"
"716", "<Trypeta_excellens>", "<Fly>", "<Animal>", "<Tephritoidea>"
"717", "<Holoptilinae>", "<Heteroptera>", "<A*i*a*>", "<Reduviidae>"
"718", "<Leptoctenopsis>", "<Lepidoptera>", "<*nim**>", "<Desmobathrinae>"
"719", "<Equinae>", "<Odd-toed_ungulate>", "<An*m**>", "<Equidae>"
"720", "<Aechmea_caesia>", "<Poales>", "<Plant>", "<Bromeliaceae>"
"721", "<Lilioceris_merdigera>", "<Beetle>", "<Animal>", "<Chrysomeloidea>"
"722", "<Trifolium_obtusiflorum>", "<Rosids>", "<Plant>", "<Trifolieae>"
"723", "<Eurypodea>", "<Polyphaga>", "<Animal>", "<Scarabaeoidea>"
"724", "<Indolabis>", "<Forficulina>", "<Animal>", "<Anisolabididae>"
"725", "<Senra_incana>", "<Malvales>", "<Plant>", "<Malvoideae>"
"726", "<Manduca_blackburni>", "<Lepidoptera>", "<Animal>", "<Sphingini>"
"727", "<Pseudhyperantha>", "<Polyphaga>", "<Animal>", "<Buprestoidea>"
"728", "<Haplochromis_nubilus>", "<Perciformes>", "<Animal>", "<Haplochromine>"
"729", "<Euxesta_tenuissima>", "<Fly>", "<Animal>", "<Tephritoidea>"
"730", "<Roborovski_hamster>", "<Rodent>", "<Animal>", "<Hamster>"
"731", "<Levipalpus>", "<Lepidoptera>", "<Animal>", "<Depressariinae>"
"732", "<Tillandsia_limbata>", "<Commelinids>", "<Plant>", "<Bromeliaceae>"
"733", "<Gymnophryxe_inconspicua>", "<Fly>", "<Animal>", "<Eryciini>"
"734", "<Vriesea_capixabae>", "<Poales>", "<Plant>", "<Bromeliaceae>"
"735", "<Bactrocera>", "<Fly>", "<Animal>", "<Tephritidae>"
"736", "<Habromyia>", "<Fly>", "<Animal>", "<Eristalini>"
"737", "<Herochroma_viridaria>", "<Lepidoptera>", "<Animal>", "<Geometer_moth>"
"738", "<Swammerdamia>", "<Lepidoptera>", "<Animal>", "<Yponomeutinae>"
"739", "<Iphiclides>", "<Lepidoptera>", "<Animal>", "<Papilioninae>"
"740", "<Ptenopoda>", "<Lepidoptera>", "<Animal>", "<Geometer_moth>"
"741", "<_intermedia>", "<Osmundaceae>", "<Pl***>", "<Rosaceae>"
"742", "<Hypsugo>", "<Bat>", "<Plant>", "<Vesper_bat>"
"743", "<Hyaloperina>", "<Lepidoptera>", "<Animal>", "<Lymantriidae>"
"744", "<Pelecorhynchidae>", "<Tabanomorpha>", "<A**ma*>", "<Tabanoidea>"
"745", "<Apeiba_intermedia>", "<Rosids>", "<Animal>", "<Malvaceae>"
"746", "<Apoplanesia>", "<Rosids>", "<Plant>", "<Fabaceae>"
"747", "<Euleia_incerta>", "<Fly>", "<Animal>", "<Tephritoidea>"
"748", "<Madeleinea>", "<Lepidoptera>", "<Animal>", "<Polyommatinae>"
"749", "<Banksia_falcata>", "<Proteales>", "<*l*n*>", "<Proteaceae>"
"750", "<Carcelia>", "<Fly>", "<Animal>", "<Tachinidae>"
"751", "<Pterocalla_oculata>", "<Fly>", "<Animal>", "<Tephritoidea>"
"752", "<Aaaba>", "<Beetle>", "<Animal>", "<Agrilinae>"
"753", "<Amygdalopteryx>", "<Lepidoptera>", "<Animal>", "<Geometer_moth>"
"754", "<Trypeta_ludens>", "<Fly>", "<Animal>", "<Tephritoidea>"
"755", "<Asclepias_fruticosa>", "<Gentianales>", "<Plant>", "<Apocynaceae>"
"756", "<Ficus_benjamina>", "<Rosids>", "<Plant>", "<Moraceae>"
"757", "<Mimosa_pigra>", "<Rosids>", "<Plant>", "<Fabaceae>"
"758", "<Rediviva>", "<Apocrita>", "<Animal>", "<Apoidea>"
"759", "<Dysbatus>", "<Lepidoptera>", "<Animal>", "<Ennominae>"
"760", "<Leptoderris>", "<Rosids>", "<Plant>", "<Millettieae>"
"761", "<Zaommomyiella>", "<Apocrita>", "<Animal>", "<Chalcid_wasp>"
"762", "<Scarabaeidae>", "<Beetle>", "<An*m**>", "<Scarabaeoidea>"
"763", "<Momonipta_onorei>", "<Lepidoptera>", "<Animal>", "<Dioptinae>"
"764", "<Phtheochroides>", "<Lepidoptera>", "<Animal>", "<Tortricidae>"
"765", "<Polyphylla_barbata>", "<Beetle>", "<Animal>", "<Melolonthinae>"
"766", "<Urophora_wodzizkii>", "<Fly>", "<Animal>", "<Tephritoidea>"
"767", "<Navia_breweri>", "<Poales>", "<Plant>", "<Bromeliaceae>"
"768", "<Dyckia_tobatiensis>", "<Poales>", "<Animal>", "<Bromeliaceae>"
"769", "<Zeuxidia_aurelius>", "<Lepidoptera>", "<Animal>", "<Nymphalidae>"
"770", "<Hamadryas_guatemalena>", "<Lepidoptera>", "<Animal>", "<Biblidinae>"
"771", "<Tillandsia_clavigera>", "<Commelinids>", "<Plant>", "<Tillandsioideae>"
"772", "<Zyzomys>", "<Rodent>", "<Animal>", "<Muridae>"
"773", "<Ochagavia_litoralis>", "<Commelinids>", "<Plant>", "<Bromeliaceae>"
"774", "<Akrosida_floribunda>", "<Malvales>", "<Plant>", "<Malvaceae>"
"775", "<Notholimnophila>", "<Tipulomorpha>", "<Animal>", "<Tipuloidea>"
"776", "<Cydnidae>", "<Hemiptera>", "<A***al>", "<Pentatomoidea>"
"777", "<Enterolobium>", "<Rosids>", "<Animal>", "<Fabaceae>"
"778", "<Orophia_haeresiella>", "<Lepidoptera>", "<Animal>", "<Oecophoridae>"
"779", "<Hippomelas>", "<Beetle>", "<Animal>", "<Buprestoidea>"
"780", "<Rosy-faced_Lovebird>", "<Parrot>", "<Animal>", "<Psittaculidae>"
"781", "<Chazara_briseis>", "<Lepidoptera>", "<Animal>", "<Satyrini>"
"782", "<Sciurini>", "<Rodent>", "<Animal>", "<Squirrel>"
"783", "<Nematocampa_resistaria>", "<Lepidoptera>", "<Animal>", "<Geometer_moth>"
"784", "<Harttia_trombetensis>", "<Catfish>", "<Animal>", "<Loricariidae>"
"785", "<Apoaspilates>", "<Lepidoptera>", "<Animal>", "<Ennominae>"
"786", "<Epibactra>", "<Lepidoptera>", "<Animal>", "<Tortricidae>"
"787", "<Psednometopum>", "<Fly>", "<Animal>", "<Tephritoidea>"
"788", "<Pseudokiefferiella>", "<Fly>", "<Animal>", "<Chironominae>"
"789", "<Dioptis_meon>", "<Lepidoptera>", "<Animal>", "<Dioptinae>"
"790", "<Cryptaspasma>", "<Lepidoptera>", "<Animal>", "<Tortricidae>"
"791", "<Machaerium_glabripes>", "<Rosids>", "<Plant>", "<Fabaceae>"
"792", "<Rolandylis>", "<Lepidoptera>", "<Animal>", "<Tortricidae>"
"793", "<Euphenolia>", "<Lepidoptera>", "<A*i*al>", "<Sterrhinae>"
"794", "<Dirphiopsis>", "<Lepidoptera>", "<Animal>", "<Bombycoidea>"
"795", "<Blepharoneurinae>", "<Fly>", "<A**m*l>", "<Tephritidae>"
"796", "<Round_Island_day_gecko>", "<Squamata>", "<Animal>", "<Gecko>"
"797", "<Adiantum_gertrudis>", "<Polypodiales>", "<Plant>", "<Pteridaceae>"
"798", "<Echinospartum>", "<Rosids>", "<Plant>", "<Fabaceae>"
"799", "<Phaseolus_maculatus>", "<Rosids>", "<Plant>", "<Faboideae>"
"800", "<Prosciurillus>", "<Rodent>", "<Animal>", "<Squirrel>"
"801", "<Phrygionis>", "<Lepidoptera>", "<Animal>", "<Geometer_moth>"
"802", "<Acanthoderini>", "<Beetle>", "<Animal>", "<Lamiinae>"
"803", "<Coffee_root-knot_nematode>", "<Tylenchida>", "<Animal>", "<Tylenchoidea>"
"804", "<Petalodiscus>", "<Malpighiales>", "<Plant>", "<Phyllanthaceae>"
"805", "<Pseudoricia_flavizoma>", "<Lepidoptera>", "<Animal>", "<Dioptinae>"
"806", "<Pitcairnia_trianae>", "<Poales>", "<Plant>", "<Bromeliaceae>"
"807", "<Pseudarthromerus>", "<Opiliones>", "<Animal>", "<Phalangioidea>"
"808", "<Philaenus_spumarius>", "<Cicadomorpha>", "<Animal>", "<Froghopper>"
"809", "<Strigulioides>", "<Polyphaga>", "<Animal>", "<Buprestoidea>"
"810", "<Neophema>", "<Parrot>", "<Animal>", "<Psittaculinae>"
"811", "<Clytra_aliena>", "<Beetle>", "<Animal>", "<Cryptocephalinae>"
"812", "<Myroxylon>", "<Rosids>", "<Plant>", "<Faboideae>"
"813", "<Diaulula_cerebralis>", "<Heterobranchia>", "<Animal>", "<Doridoidea>"
"814", "<Exocentrus_adspersus>", "<Beetle>", "<Animal>", "<Lamiinae>"
"815", "<Vriesea_pabstii>", "<Poales>", "<Plant>", "<Bromeliaceae>"
"816", "<Ihlegramma>", "<Lepidoptera>", "<Animal>", "<Sphingini>"
"817", "<Wittrockia>", "<Commelinids>", "<Plant>", "<Bromeliaceae>"
"818", "<Eirenis>", "<Squamata>", "<Animal>", "<Colubridae>"
"819", "<Neillieae>", "<Rosids>", "<Plant>", "<Rosaceae>"
"820", "<Simochromis_diagramma>", "<Perciformes>", "<Animal>", "<Tropheini>"
"821", "<Polypedilum>", "<Culicomorpha>", "<Animal>", "<Chironomidae>"
"822", "<Ehrlichia_chaffeensis>", "<Rickettsiales>", "<Bacteria>", "<Anaplasmataceae>"
"823", "<Pseudonympha_swanepoeli>", "<Lepidoptera>", "<Animal>", "<Nymphalidae>"
"824", "<Leuronychus>", "<Eupnoi>", "<Animal>", "<Phalangioidea>"
"825", "<Oophaga>", "<Neobatrachia>", "<Animal>", "<Poison_dart_frog>"
"826", "<Panagaeus>", "<Beetle>", "<Animal>", "<Ground_beetle>"
"827", "<Mirosternus_ignotus>", "<Beetle>", "<Animal>", "<Bostrichoidea>"
"828", "<Thylacanthus>", "<Rosids>", "<Plant>", "<Detarieae>"
"829", "<Chromodoris_thompsoni>", "<Heterobranchia>", "<Animal>", "<Doridoidea>"
"830", "<Syntypistis>", "<Lepidoptera>", "<Animal>", "<Notodontinae>"
"831", "<Beris_geniculata>", "<Fly>", "<Animal>", "<Beridinae>"
"832", "<Banksia_foliosissima>", "<Proteales>", "<P**n*>", "<Proteaceae>"
"833", "<Orthophytum_duartei>", "<Commelinids>", "<Plant>", "<Bromeliaceae>"
"834", "<Neovison>", "<Carnivora>", "<Animal>", "<Mustelidae>"
"835", "<Priochirus>", "<Polyphaga>", "<Animal>", "<Staphylinoidea>"
"836", "<Aridaeus_thoracicus>", "<Beetle>", "<Animal>", "<Chrysomeloidea>"
"837", "<Utricularia_troupinii>", "<Lamiales>", "<Plant>", "<Lentibulariaceae>"
"838", "<Dyckia_schwackeana>", "<Commelinids>", "<Plant>", "<Bromeliaceae>"
"839", "<White-tipped_tufted-tailed_rat>", "<Rodent>", "<Animal>", "<Nesomyinae>"
"840", "<Nyctinomops>", "<Bat>", "<Animal>", "<Free-tailed_bat>"
"841", "<Wisteria_floribunda>", "<Rosids>", "<Plant>", "<Fabaceae>"
"842", "<Pepinia_maguirei>", "<Poales>", "<Plant>", "<Bromeliaceae>"
"843", "<Western_Rosella>", "<Parrot>", "<Animal>", "<Broad-tailed_parrot>"
"844", "<s_Pericote>", "<Rodent>", "<Animal>", "<Sigmodontinae>"
"845", "<Gryposcleroma>", "<Lepidoptera>", "<Animal>", "<Tortricidae>"
"846", "<Zeuxippus_pallidus>", "<Araneomorphae>", "<Eumetazoa>", "<Jumping_spider>"
"847", "<Abarema_auriculata>", "<Rosids>", "<Plant>", "<Fabaceae>"
"848", "<Triatoma>", "<Hemiptera>", "<Animal>", "<Triatominae>"
"849", "<Neozavrelia>", "<Culicomorpha>", "<Animal>", "<Chironomidae>"
"850", "<Euprepis>", "<Squamata>", "<Animal>", "<Skink>"
"851", "<Blue-headed_Racket-tail>", "<Parrot>", "<Animal>", "<Psittaculidae>"
"852", "<Phanoptis>", "<Lepidoptera>", "<Animal>", "<Notodontidae>"
"853", "<Acrostictella_parallela>", "<Fly>", "<Animal>", "<Tephritoidea>"
"854", "<Adenocarpus>", "<Rosids>", "<Plant>", "<Fabaceae>"
"855", "<Gloydius_ussuriensis>", "<Squamata>", "<Animal>", "<Viperidae>"
"856", "<Balsam_woolly_adelgid>", "<Hemiptera>", "<Animal>", "<Phylloxeroidea>"
"857", "<Laparus_doris>", "<Lepidoptera>", "<Animal>", "<Nymphalidae>"
"858", "<Rhynchophorini>", "<Beetle>", "<Animal>", "<Curculionidae>"
"859", "<Paratrichocladius>", "<Fly>", "<Animal>", "<Chironomidae>"
"860", "<Tillandsia_truncata>", "<Commelinids>", "<Plant>", "<Bromeliaceae>"
"861", "<Banksia_tenuis>", "<Proteales>", "<Plant>", "<Proteaceae>"
"862", "<Vriesea_lidicensis>", "<Commelinids>", "<Plant>", "<Bromeliaceae>"
"863", "<Arawacus>", "<Lepidoptera>", "<*ni*a*>", "<Eumaeini>"
"864", "<Asclepias_albicans>", "<Gentianales>", "<Plant>", "<Apocynaceae>"
"865", "<Hylaeogena>", "<Beetle>", "<Animal>", "<Buprestoidea>"
"866", "<Acraea_caldarena>", "<Lepidoptera>", "<Anim**>", "<Nymphalidae>"
"867", "<Guzmania_izkoi>", "<Lepidoptera>", "<Plant>", "<Bromeliaceae>"
"868", "<Utricularia_punctata>", "<Lamiales>", "<Plant>", "<Lentibulariaceae>"
"869", "<Gymnosoma_fuliginosum>", "<Fly>", "<Animal>", "<Phasiinae>"
"870", "<Helicopini>", "<Lepidoptera>", "<Animal>", "<Riodininae>"
"871", "<Crunomys>", "<Rodent>", "<Animal>", "<Murinae>"
"872", "<Dorstenia_flagellifera>", "<Rosids>", "<Plant>", "<Moraceae>"
"873", "<Dione_moneta>", "<Lepidoptera>", "<Animal>", "<Nymphalidae>"
"874", "<Green_Rosella>", "<Parrot>", "<Animal>", "<Broad-tailed_parrot>"
"875", "<Stratiomys_potamida>", "<Fly>", "<Animal>", "<Stratiomyinae>"
"876", "<Sitonini>", "<Beetle>", "<Animal>", "<Weevil>"
"877", "<Bardistopus>", "<Fly>", "<Animal>", "<Hoverfly>"
"878", "<Rhagoletis_flavicincta>", "<Fly>", "<Animal>", "<Tephritoidea>"
"879", "<Microhylinae>", "<Neobatrachia>", "<*nim*l>", "<Microhylidae>"
"880", "<Tarsocera_cassina>", "<Lepidoptera>", "<Animal>", "<Satyrini>"
"881", "<Serranochromis_janus>", "<Perciformes>", "<Animal>", "<Cichlid>"
"882", "<Melica>", "<Commelinids>", "<Plant>", "<Poaceae>"
"883", "<Machlotica_porphyrospila>", "<Lepidoptera>", "<Animal>", "<Yponomeutoidea>"
"884", "<Vipera_ammodytes_gregorwallneri>", "<Squamata>", "<Animal>", "<Viperidae>"
"885", "<Heterodera_delvii>", "<Tylenchida>", "<Animal>", "<Heteroderidae>"
"886", "<Banksia_petiolaris>", "<Proteales>", "<Plant>", "<Proteaceae>"
"887", "<Opilio_lepidus>", "<Eupnoi>", "<Animal>", "<Phalangioidea>"
"888", "<Pseudopaludicola>", "<Neobatrachia>", "<Animal>", "<Leptodactylinae>"
"889", "<Ghilianella>", "<Hemiptera>", "<Animal>", "<Metapterini>"
"890", "<Hudsonimyia>", "<Culicomorpha>", "<Animal>", "<Pentaneurini>"
"891", "<Itahipeus>", "<Apocrita>", "<Animal>", "<Chalcid_wasp>"
"892", "<Aechmea_blumenavii_var._alba>", "<Poales>", "<Plant>", "<Bromelioideae>"
"893", "<Banksia_sect._Banksia>", "<Proteales>", "<Plant>", "<Proteaceae>"
"894", "<Ascerodes>", "<Lepidoptera>", "<Animal>", "<Tortricinae>"
"895", "<Canacea>", "<Fly>", "<Animal>", "<Dynomiellini>"
"896", "<Zimmermanniopsis>", "<Malpighiales>", "<Plant>", "<Phyllanthaceae>"
"897", "<Cephalotes_nilpiei>", "<Apocrita>", "<Animal>", "<Ant>"
"898", "<Megahippus>", "<Odd-toed_ungulate>", "<Animal>", "<Equidae>"
"899", "<Hapleginella>", "<Fly>", "<Animal>", "<Carnoidea>"
"900", "<Bathybates>", "<Perciformes>", "<Animal>", "<Cichlid>"
"901", "<Oxytropis_campestris>", "<Rosids>", "<Plant>", "<Galegeae>"
"902", "<Utricularia_sect._Orchidioides>", "<Lamiales>", "<Plant>", "<Lentibulariaceae>"
"903", "<Pterocarpus_erinaceus>", "<Rosids>", "<Plant>", "<Dalbergieae>"
"904", "<Pterolobium_stellatum>", "<Rosids>", "<Plant>", "<Fabaceae>"
"905", "<Carpella>", "<Lepidoptera>", "<*nima*>", "<Geometer_moth>"
"906", "<Stankiella>", "<Opiliones>", "<Animal>", "<Phalangioidea>"
"907", "<Purple-bellied_Lory>", "<Parrot>", "<Animal>", "<Loriinae>"
"908", "<Farlowella_smithi>", "<Catfish>", "<Animal>", "<Loricariidae>"
"909", "<Aphididae>", "<Hemiptera>", "<*nim*l>", "<Aphid>"
"910", "<Lasius>", "<Apocrita>", "<Animal>", "<Formicinae>"
"911", "<Euborellia_pallipes>", "<Forficulina>", "<Animal>", "<Anisolabididae>"
"912", "<Tricarpelema_africanum>", "<Commelinales>", "<Plant>", "<Commelinoideae>"
"913", "<Liancalomima>", "<Asilomorpha>", "<Animal>", "<Empidoidea>"
"914", "<Calamus_caryotoides>", "<Commelinids>", "<Plant>", "<Calamoideae>"
"915", "<Balioxena>", "<Lepidoptera>", "<Animal>", "<Tortricidae>"
"916", "<Hoplodactylus>", "<Squamata>", "<Animal>", "<Gecko>"
"917", "<Red-bellied_Macaw>", "<Parrot>", "<Animal>", "<Psittacidae>"
"918", "<Brontostoma>", "<Heteroptera>", "<Animal>", "<Ectrichodiinae>"
"919", "<Discodoris_purcina>", "<Heterobranchia>", "<Animal>", "<Doridoidea>"
"920", "<Trifolium_albopurpureum>", "<Rosids>", "<Plant>", "<Fabaceae>"
"921", "<Paper_Mulberry>", "<Lepidoptera>", "<Plant>", "<Moraceae>"
"922", "<Apatura>", "<Lepidoptera>", "<Animal>", "<Apaturinae>"
"923", "<Tillandsia_juncea>", "<Poales>", "<Plant>", "<Bromeliaceae>"
"924", "<s_Banded_gecko>", "<Squamata>", "<Animal>", "<Gecko>"
"925", "<Larinus_planus>", "<Beetle>", "<Animal>", "<Curculionidae>"
"926", "<Gephyrochromis>", "<Perciformes>", "<Animal>", "<Cichlid>"
"927", "<Cimicidae>", "<Heteroptera>", "<**ima*>", "<Cimicoidea>"
"928", "<Orthocladius>", "<Fly>", "<Animal>", "<Chironomidae>"
"929", "<Brachystelma>", "<Gentianales>", "<Plant>", "<Apocynaceae>"
"930", "<Rose-fronted_Parakeet>", "<Parrot>", "<Animal>", "<Psittacidae>"
"931", "<Croton_laevigatus>", "<Rosids>", "<Plant>", "<Crotoneae>"
"932", "<Stemonocoleus>", "<Rosids>", "<Plant>", "<Detarieae>"
"933", "<Yellow_sand_cichlid>", "<Perciformes>", "<Animal>", "<Pseudocrenilabrinae>"
"934", "<Red-spectacled_Amazon>", "<Parrot>", "<Animal>", "<True_parrot>"
"935", "<Pyritis>", "<Fly>", "<Animal>", "<Hoverfly>"
"936", "<Monaga>", "<Spider>", "<Animal>", "<Jumping_spider>"
"937", "<Trichodezia>", "<Lepidoptera>", "<Animal>", "<Cidariini>"
"938", "<Congrinae>", "<Eel>", "<Anim**>", "<Congridae>"
"939", "<Erbessa_corvica>", "<Lepidoptera>", "<Animal>", "<Notodontidae>"
"940", "<Dendropaemon>", "<Scarabeiformia>", "<Animal>", "<Scarabaeoidea>"
"941", "<Pavonia_lasiopetala>", "<Malvales>", "<Plant>", "<Hibisceae>"
"942", "<Pleistodontes_deuterus>", "<Apocrita>", "<Animal>", "<Chalcid_wasp>"
"943", "<Commelina_sellowiana>", "<Commelinids>", "<Plant>", "<Commelinoideae>"
"944", "<Oxycera_nigricornis>", "<Fly>", "<Animal>", "<Stratiomyidae>"
"945", "<Assulella>", "<Lepidoptera>", "<Animal>", "<Tortricidae>"
"946", "<Cirretaera>", "<Lepidoptera>", "<*nima*>", "<Geometer_moth>"
"947", "<Zygoballus_nervosus>", "<Spider>", "<Animal>", "<Jumping_spider>"
"948", "<Psilopsiagon>", "<Parrot>", "<Animal>", "<Psittacidae>"
"949", "<Eleusine>", "<Poales>", "<Plant>", "<Poaceae>"
"950", "<Amblyptilia>", "<Lepidoptera>", "<Animal>", "<Plume_moth>"
"951", "<Radamaria>", "<Lepidoptera>", "<Animal>", "<Lymantriidae>"
"952", "<Pedicia>", "<Fly>", "<Animal>", "<Pediciidae>"
"953", "<Blechromopsis>", "<Lepidoptera>", "<Animal>", "<Geometer_moth>"
"954", "<Centrocoris_spiniger>", "<Pentatomomorpha>", "<Animal>", "<Coreinae>"
"955", "<Haplochromis_vittatus>", "<Perciformes>", "<Animal>", "<Haplochromine>"
"956", "<Betasyrphus>", "<Fly>", "<Animal>", "<Syrphinae>"
"957", "<Tillandsia_fasciculata>", "<Poales>", "<Plant>", "<Bromeliaceae>"
"958", "<Rhodothyrsus>", "<Rosids>", "<Animal>", "<Euphorbioideae>"
"959", "<Herpyza>", "<Rosids>", "<Plant>", "<Fabaceae>"
"960", "<Amorpheae>", "<Rosids>", "<Plant>", "<Faboideae>"
"961", "<Lachnaia_hirta>", "<Beetle>", "<Animal>", "<Leaf_beetle>"
"962", "<Andrioplecta>", "<Lepidoptera>", "<Animal>", "<Tortricidae>"
"963", "<Bostrychoplites>", "<Beetle>", "<Animal>", "<Bostrichinae>"
"964", "<Ground_spider>", "<Spider>", "<*ni*al>", "<Gnaphosoidea>"
"965", "<Chesistege>", "<Lepidoptera>", "<Animal>", "<Geometer_moth>"
"966", "<Cephalotes_lenca>", "<Apocrita>", "<Animal>", "<Myrmicinae>"
"967", "<Bothriopsis_bilineata>", "<Squamata>", "<Animal>", "<Viperidae>"
"968", "<Dinacoma>", "<Beetle>", "<Animal>", "<Scarabaeidae>"
"969", "<Nectomys>", "<Rodent>", "<Animal>", "<Oryzomyini>"
"970", "<Longipalpa>", "<Lepidoptera>", "<Animal>", "<Sterrhinae>"
"971", "<Eriozona>", "<Brachycera>", "<Animal>", "<Hoverfly>"
"972", "<Neoanathamna>", "<Lepidoptera>", "<A*ima*>", "<Tortricidae>"
"973", "<Mesembriomys>", "<Rodent>", "<Animal>", "<Muridae>"
"974", "<Utricularia_radiata>", "<Lamiales>", "<P**n*>", "<Lentibulariaceae>"
"975", "<Rhododendron_lochiae>", "<Ericales>", "<Plant>", "<Ericaceae>"
"976", "<Calliteara>", "<Lepidoptera>", "<Animal>", "<Lymantriidae>"
"977", "<Leucocroton>", "<Malpighiales>", "<Plant>", "<Adelieae>"
"978", "<Lathyrus_sulphureus>", "<Rosids>", "<Plant>", "<Fabaceae>"
"979", "<s_Haplo>", "<Perciformes>", "<Animal>", "<Pseudocrenilabrinae>"
"980", "<Ocrasa>", "<Lepidoptera>", "<Animal>", "<Pyralidae>"
"981", "<Orthophytum_vagans>", "<Poales>", "<Plant>", "<Bromeliaceae>"
"982", "<Utricularia_triloba>", "<Lamiales>", "<**a*t>", "<Lentibulariaceae>"
"983", "<Saitis_barbipes>", "<Spider>", "<Animal>", "<Jumping_spider>"
"984", "<Salt_Creek_tiger_beetle>", "<Beetle>", "<Animal>", "<Ground_beetle>"
"985", "<Geitodoris_granulata>", "<Heterobranchia>", "<Animal>", "<Doridoidea>"
"986", "<Lipopterichthys_carrioni>", "<Catfish>", "<Animal>", "<Loricariidae>"
"987", "<Scopula_cacuminaria>", "<Lepidoptera>", "<Animal>", "<Geometer_moth>"
"988", "<Protohippus>", "<Odd-toed_ungulate>", "<Animal>", "<Equidae>"
"989", "<Erbessa_avara>", "<Lepidoptera>", "<Animal>", "<Notodontidae>"
"990", "<Nannoparce>", "<Lepidoptera>", "<*ni*al>", "<Sphinginae>"
"991", "<Chaetopsis_laticauda>", "<Fly>", "<Animal>", "<Tephritoidea>"
"992", "<Chamaesphegina>", "<Fly>", "<Animal>", "<Syrphoidea>"
"993", "<Calliandropsis>", "<Rosids>", "<Plant>", "<Fabaceae>"
"994", "<Mystogenes>", "<Lepidoptera>", "<Animal>", "<Tortricidae>"
"995", "<Ceratobunellus>", "<Opiliones>", "<Animal>", "<Phalangioidea>"
"996", "<Cronicombra>", "<Lepidoptera>", "<Animal>", "<Yponomeutoidea>"
17, 682
24, 384
46, 464
55, 464
59, 206
66, 206
85, 960
99, 879
144, 681
160, 206
164, 247
168, 113
171, 762
179, 206
185, 680
186, 384
200, 384
242, 410
275, 464
325, 206
381, 384
389, 762
396, 206
456, 384
457, 134
471, 247
471, 384
490, 464
537, 569
539, 762
567, 410
572, 384
583, 456
593, 384
612, 410
645, 762
660, 464
674, 206
698, 410
700, 598
723, 762
746, 960
765, 762
775, 206
810, 200
810, 384
843, 384
843, 456
849, 529
874, 384
874, 456
876, 134
907, 247
907, 384
940, 762
988, 719

